,SST_wi,SST_sp,SST_su,SST_fa,MHW,B_Temp,CP_April,CP_July,CP_October,WS_wi,WS_sp,WS_su,WS_fa,Strat,HR_flow,B_Salinity,S_Salinity,Lob_TH,iso20SON,iso20JJA,sm_lg,cal_fin,chla_jan,chla_feb,chla_mar,chla_apr,chla_may,chla_jun,chla_jul,chla_aug,chla_sep,chla_oct,chla_nov,chla_dec,temppref_spring,temppref_fall,avgtl_spring,avgtl_fall,richness_spring,richness_fall,benthicpelagic_spring,benthicpelagic_fall,northsouth_spring,northsouth_fall,sflounder_spring,sflounder_fall,bsb_spring,bsb_fall,trawl_spring,trawl_fall,piscivore_spring,piscivore_fall,planktivore_spring,planktivore_fall,benthivore_fall,benthivore_spring,Lob_fall,Lob_spring,Jonah_fall,Jonah_spring,longfin_fall,longfin_spring,shortfin_fall,shortfin_spring,forage_fall,forage_spring,benthos_fall,benthos_spring
1941,,,,,,-0.697026358521452,,,,,,,,,,,,,,,,,,,,,,,,,,,,,,,,,,,,,,,,,,,,,,,,,,,,,,,,,,,,,,
1942,,,,,,-0.183067087728432,,,,,,,,,,,,,,,,,,,,,,,,,,,,,,,,,,,,,,,,,,,,,,,,,,,,,,,,,,,,,,
1943,,,,,,1.69749194008867,,,,,,,,,,,,,,,,,,,,,,,,,,,,,,,,,,,,,,,,,,,,,,,,,,,,,,,,,,,,,,
1944,,,,,,0.744357491666639,,,,,,,,,,,,,,,,,,,,,,,,,,,,,,,,,,,,,,,,,,,,,,,,,,,,,,,,,,,,,,
1945,,,,,,-0.351785819964976,,,,,,,,,,,,,,,,,,,,,,,,,,,,,,,,,,,,,,,,,,,,,,,,,,,,,,,,,,,,,,
1946,,,,,,-0.153298619251279,,,,,,,,,,,,,,,,,,,,,,,,,,,,,,,,,,,,,,,,,,,,,,,,,,,,,,,,,,,,,,
1947,,,,,,0.282741452000072,,,,,,,,,456.787222531507,,,,,,,,,,,,,,,,,,,,,,,,,,,,,,,,,,,,,,,,,,,,,,,,,,,,,
1948,,,,,,0.0605341770061757,,,,,,,,,365.824429726776,,,,,,,,,,,,,,,,,,,,,,,,,,,,,,,,,,,,,,,,,,,,,,,,,,,,,
1949,,,,,,0.532356238331424,,,,,,,,,350.627151430137,,,,,,,,,,,,,,,,,,,,,,,,,,,,,,,,,,,,,,,,,,,,,,,,,,,,,
1950,,,,,,0.298377099663133,,,,,,,,,397.462362827397,,,,,,,,,,,,,,,,,,,,,,,,,,,,,,,,,,,,,,,,,,,,,,,,,,,,,
1951,,,,,,2.15412403315809,,,,,,,,,479.281622969863,,,,,,,,,,,,,,,,,,,,,,,,,,,,,,,,,,,,,,,,,,,,,,,,,,,,,
1952,,,,,,0.393267350185552,,,,,,,,,431.876073617486,,,,,,,,,,,,,,,,,,,,,,,,,,,,,,,,,,,,,,,,,,,,,,,,,,,,,
1953,,,,,,2.30194172000137,,,,,,,,,395.07521779726,,,,,,,,,,,,,,,,,,,,,,,,,,,,,,,,,,,,,,,,,,,,,,,,,,,,,
1954,,,,,,1.82261691394044,,,,,,,,,407.76192,,,,,,,,,,,,,,,,,,,,,,,,,,,,,,,,,,,,,,,,,,,,,,,,,,,,,
1955,,,,,,-0.997752677162025,,,,,,,,,414.10410739726,,,,,,,,,,,,,,,,,,,,,,,,,,,,,,,,,,,,,,,,,,,,,,,,,,,,,
1956,,,,,,0.816943202307198,,,,,,,,,393.049562928962,,,,,,,,,,,,,,,,,,,,,,,,,,,,,,,,,,,,,,,,,,,,,,,,,,,,,
1957,,,,,,0.705424188761895,,,,,,,,,273.110493282192,,,,,,,,,,,,,,,,,,,,,,,,,,,,,,,,,,,,,,,,,,,,,,,,,,,,,
1958,,,,,,0.264802568596676,,,,,,,,,363.651327824658,,,,,,,,,,,,,,,,,,,,,,,,,,,,,,,,,,,,,,,,,,,,,,,,,,,,,
1959,,,,,,0.60525211148782,,,,,,,,,401.204059441096,,,,,,,,,,,,,,,,,,,,,,,,,,,,,,,,,,,,,,,,,,,,,,,,,,,,,
1960,,,,,,-1.86342491794594,,,,,,,,,396.808888918033,,,,,,,,,,,,,,,,,,,,,,,,,,,,,,,,,,,,,,,,,,,,,,,,,,,,,
1961,,,,,,0.507086060782119,,,,,,,,,304.186823627397,,,,,,,,,,,,,,,,,,,,,,,,,,,,,,,,,,,,,,,,,,,,,,,,,,,,,
1962,,,,,,-2.13535549445264,,,,,,,,,299.129365567123,,,,,,,,,,,,,,,,,,,,,,,,,,,,,,,,,,,,,,,,,,,,,,,,,,,,,
1963,,,,,,-0.232693521725593,,,,,,,,,266.152318509589,,,,,,,,,,,,,,,,,,,,,8.23175238237408,,4.06989349525207,,51.0,,41.84805339,,37.53067971,,0.785023553793934,,0.133765455489943,,177.256543903168,,658.512486642903,,3.7068734214864,282.6732904123,,0.0,,,,0.0,,,,2.36298589758586,,0.0,
1964,,,,,,-2.2169302972757,,,,,,,,,246.770854120219,,,,,,,,,,,,,,,,,,,,,9.28237768534295,,4.23832108051732,,47.0,,28.95377584,,27.05642055,,1.21353663800259,,0.0790155470000899,,382.911586218632,,1046.78640895193,,11.2136112973567,228.962573372552,,1.55634046108704,,,,0.608504129996382,,0.295426405592751,,8.65462042727561,,1.67451136538113,
1965,,,,,,-2.20446412315922,,,,,,,,,219.463733830137,,,,,,,,,,,,,,,,,,,,,8.29230760579163,,4.13739492821131,,53.0,,30.53445791,,37.27029394,,0.0303818203159566,,0.0303818203159566,,218.01320723476,,768.735914722432,,10.0946413298298,268.85320836037,,2.36247610339568,,,,2.00871726408216,,0.125905752832562,,5.96343715060779,,0.264925056564482,
1966,,,,,,-1.69135310447126,,,,,,,,,284.728915112329,,,,,,,,,,,,,,,,,,,,,8.47805284425607,,4.1837877944115,,54.0,,27.71903571,,33.53794276,,0.0141099191071589,,,,224.130177417204,,644.259257747167,,14.4122837328212,196.965285968588,,2.07795696000544,,,,,,,,5.5334860885625,,0.585390204487648,
1967,,,,,,-0.856863321790832,,,,,,,,,315.811451879452,,,,,,,,,,,,,,,,,,,,,8.01871235354267,,4.12132620913907,,48.0,,23.15611752,,30.3492125,,,,0.0243054562527653,,217.082046818175,,872.940168353849,,15.718451149746,174.174335658087,,1.26896597181064,,,,2.82320481648539,,0.600293749044392,,11.4791991893497,,1.9029882428331,
1968,,,,,,-1.19920542847366,,,,,,,,,353.246045272131,,,,,,,,,,,,,,,,,,,,7.39185676777192,8.53531747377891,4.03988468083166,4.03117326397406,41.0,48.0,7.399222735,5.890224583,34.56763357,5.707931991,0.0717011262798684,0.232252137526424,,,239.005446265302,159.543119874382,864.009719436481,466.663274343716,47.4815352380287,24.9766878724167,138.698287425783,108.20181143631,1.07239477381972,0.94533492171571,,0.0055918363987925,14.6948539240018,6.00981442962741,0.820022463258406,0.0492677339249066,23.2915212647715,45.0136997506362,1.27702955588995,0.0407655498037201
1969,,,,,,-0.874130855407475,,,,,,,,,376.807390684932,,,,,,,,,,,,,,,,,,,,7.68708380703838,8.88721781121227,3.87113086182955,4.1898281779738,42.0,55.0,5.684680217,11.7857047,12.84066356,12.61971835,,0.384205900293191,,0.0141099191071589,158.285979873136,437.899859290337,688.251790612352,1368.11154788813,43.5133323805986,40.8036722154123,185.257767097527,138.1344726309,1.03176601813274,1.24221047024023,,,17.835541621048,1.51960375617926,0.0689697175068907,0.0068537328183677,40.6059776378907,34.4596118801663,0.14596636649126,0.187529169612943
1970,,,,,,-1.44511382539821,,,,,,,,,337.722448657534,,,,,,,,,,,,,,,,,,,,7.84189379813264,8.38378632165292,3.8563839469276,4.00700927224089,41.0,55.0,4.38780262,13.20072614,14.85355524,12.78375775,,0.2101314775539,,,115.477740307669,110.249567730257,503.758963709616,246.411193985211,33.4196972769885,9.22606853114343,137.916974160122,87.4195152159002,0.580067475407136,1.26738007328366,,,4.841449949622,1.56701542317403,0.335688352804588,0.007836149555498,7.37935794465663,26.4036434963105,0.705016844199264,0.0
1971,,,,,,-0.569678182464074,,,,,,,,,419.924955353425,,,,,,,,,,,,,,,,,,,,7.64304637351947,9.21054126582762,4.08721315565936,3.82903312318488,51.0,50.0,8.880775089,3.763043848,29.64606604,3.258858189,0.43218268964564,0.0546872765687219,,0.0,176.78493281352,74.6013796265183,670.502928375258,124.30484090355,42.0834027583421,12.6673072313746,107.022601943456,54.8090294193814,0.763341532496894,1.09331288101053,0.0146507163760112,,5.66869328131684,4.46118033845062,0.409536845808635,0.0120297157921915,15.0291288112513,39.020958311066,0.0556727222288425,0.0
1972,,,,,,0.254953217370646,,,,,,,,,595.14795715847,,,,,,,,,,,,,,,,,,,,7.80109338601903,8.70005700949234,4.15694529723959,4.01359788780112,48.0,49.0,18.10599483,11.78285697,31.06462204,9.401627441,0.03019591655348,0.320730781000738,0.0,0.0,232.262816926323,159.004305939566,674.185634499747,319.794462588545,20.687374161136,12.9157025094336,218.873101473887,79.8230369529168,1.82800070947892,0.613215424038752,0.479965626057662,,5.36501972895952,5.12659065498748,0.487381015612355,0.0,9.10405103494197,18.7441947404925,0.787552514940108,0.403011800366268
1973,,,,,,-0.199969724575228,,,,,,,,,493.027295912329,,,,,,,,,,,,,,,,,,,,8.2443520502581,10.8526562536852,3.97863203633388,3.80640076496713,45.0,48.0,1.316463224,1.294969304,16.83197739,0.824655268,0.541474646445252,0.595848168563831,,0.0,246.398343415715,88.0470026522077,742.646492553315,102.7168285952,280.911166289643,30.8328574435487,68.6954803023084,49.9869677557949,0.512781123634159,0.275363777641456,0.756029425553379,0.606082328924753,22.0332785783152,3.44218256246327,0.116813143553612,0.0063144563489969,37.3544721696185,275.60531314695,4.10718975758356,0.332011938825194
1974,,,,,,-1.24150050191645,,,,,,,,,465.344326750685,,,,,,,,,,,,,,,,,,,,8.31916818671596,10.427787341668,4.16170770598147,4.02640947562486,61.0,62.0,7.858540293,1.95793887,20.77611387,1.224314759,0.795464120237326,1.98772678840261,0.0260952365276988,0.0,244.560577784412,54.5694719570096,820.75551373166,83.9985793549673,39.3178245644655,17.8577416603567,45.5342615807618,29.1477703080158,0.752963410283823,0.237333822609744,0.0031762858898375,0.18875092527678,14.4762401954098,4.33199963378411,0.212445954621049,0.181198526117113,17.5809935332148,38.2699456301499,0.476111434220531,1.95229030108137
1975,,,,,,0.229489602481109,,,,0.151720780021581,,,0.099208163721838,-0.0126574581605689,515.683063320548,0.158244881643082,0.121258809129026,,,,,,,,,,,,,,,,,,7.74681714320543,10.0858798482174,4.16175819603573,4.07412429022726,49.0,48.0,12.68520325,4.070908953,13.66655467,3.609638287,1.35168512992724,1.61707293924475,,0.0117582659226324,142.990985164076,120.719417758166,673.202137013606,285.168304397473,11.7225822432658,17.9483335240495,46.9069766084955,8.11032722291683,0.815609512326468,0.0959506494840695,0.0077449114106935,0.141093667330991,14.3400679959088,7.69801999103773,0.640981109596982,0.0242422648596228,17.8373862468982,11.270485899544,6.03028433167187,1.81764440499623
1976,,,,,,-0.426127206352651,,,,0.148092269149098,0.110629914745612,0.0654295091391369,0.154687692874875,0.303868307972221,603.452671125683,0.224188399436188,0.0175039804107779,,,,,,,,,,,,,,,,,,8.07333437976619,10.4603708117693,4.032103136662,3.83985398685567,64.0,51.0,7.172589375,1.014093474,8.712222209,1.292212178,1.053207559398,0.65404177437423,0.0352348967315388,0.0188132254762119,133.348154045321,71.0766435716877,559.656615530264,76.6281992672343,20.3853371461352,34.6918324385945,46.7455758887985,25.3535258129375,0.585987916548109,0.0900577712617811,0.0085221152196078,0.418754740241348,12.0108748732294,9.18159030694151,9.66150145279506,0.0297514224824065,33.6998461026989,17.7306490638075,2.9937914539625,4.86402427115979
1977,,,,,,-1.22007809068382,,,,0.170172713723932,0.0626088245155454,0.0565967492215824,0.116389385809037,0.150633776680816,542.449033643836,0.349580396629059,0.599356260253606,,,,0.167867120534309,0.129384374374694,,,,,,,,,,,,,7.60538255571741,9.96030158948858,4.12514899264122,4.05629892063806,53.0,54.0,22.0541712,3.501365376,36.58675173,3.645498907,1.29341708429119,0.817620790612641,0.0029301432752022,0.0846595146429534,132.048583406185,104.987844435557,594.942294595474,221.004388787291,11.6440333120754,19.7770817446466,107.894353210345,27.6345805420457,0.499005464735759,0.278614358770238,0.0005907891755097,0.203943580918584,9.72259254409575,1.64197333167431,3.49775129640695,0.0160422014412127,19.0920318802014,7.32758653289332,2.30066543122589,1.76193382384239
1978,,,,,,-1.55070556350694,,,,0.188719413186077,0.0696694192137651,0.050139450128174,0.104879197142867,-0.126264161860549,397.918534838356,-0.387215983363999,-0.119945271402487,,,,0.507383806083511,-0.555320797280627,,,,,,,,,,,,,7.821201985736,10.2919589213187,3.95855733121651,3.99419502142231,57.0,45.0,8.952381325,1.869559844,16.18259431,1.93550335,0.92841866527055,0.463430454366918,0.0,0.102240012202036,125.114104284201,60.0330324238506,424.78382163755,113.200113265523,30.8375082707001,18.2638227324546,55.3868048796531,50.1548895086155,0.785267107135234,0.149988366520644,0.0052385287512294,0.167280244823055,8.5876871969382,3.4151755112138,2.26836850941959,0.0047196674739174,17.5018269754246,17.8384034100954,0.656020982643818,0.680162575804852
1979,,,,,,-0.923297492315446,,,,0.137861537274023,0.0694901145189303,0.0506289872842604,0.0972444086621905,-0.0138247117443893,479.104739945205,-0.0435491627156004,0.093008456429832,,,,0.282222204152148,-0.15998951037158,,,,,,,,,,,,,7.91525190038998,10.3139143225248,4.02554958727542,4.08810622256221,45.0,61.0,4.307275294,2.985663687,8.121833389,3.427584035,0.299622320050328,0.452147841003049,0.0175808596512134,0.0141099191071589,66.3325521688663,143.589932923096,276.377250767517,298.199340290676,14.7872293066107,35.6175374098956,134.8960100823,21.7653891622408,0.557267661828381,0.307895395242123,0.0301972909331157,0.0466489943794443,5.75462835154899,3.79098724729158,7.53431621943907,0.0411551135746169,34.3579937097083,13.4488746299776,0.565022246954057,0.79472559770572
1980,,,,,,-0.993441715822984,,,,0.146951289722065,0.0848869660822071,0.0509727357907086,0.0615396864161122,,275.060575213115,,,,,,0.579729920321203,-0.414176689763789,,,,,,,,,,,,,7.96144427213702,10.0315456010035,4.13910118133864,3.931095836026,51.0,53.0,17.56212679,1.712602799,19.41177865,1.576227473,0.44805101914989,0.285903113860668,,0.0,201.96375536692,104.193645499885,772.901137059837,148.426470594397,16.0411561085234,35.8003186963109,231.884461699792,137.2133629404,0.573850343317551,0.404326280312084,0.0087376839224403,0.0551908536318988,16.1937312046603,2.58043757641076,1.05974041411735,0.0211784256600012,34.227690931124,12.7855656751032,0.850785771254552,0.392847911052264
1981,,,,,,-1.16783083298945,,,,,,,,,321.831681139726,,,,,,0.163914850847375,-0.189630823007255,,,,,,,,,,,,,8.00055533207734,10.5700083176218,4.05889193546771,4.09914099469349,50.0,57.0,11.65817481,3.095362609,33.9051586,4.384462065,0.623697958664972,0.251792731165786,0.0409058163564837,0.0507957087857721,205.354476212691,242.726283994765,606.916885076878,500.182834125086,48.3422500216856,53.4413724800547,222.000631167259,157.661488562826,1.21257413290818,0.127489334002617,0.0304901250153942,0.0628839296922289,9.71526393090014,1.23740100131503,16.6847719115,0.0455691884827614,52.8743244714222,28.7994033206457,0.980139178514238,1.4320352277315
1982,6.5716021021021,11.6656593406593,21.048384253819,14.598732373678,0.0,-0.315123460332124,,,,,,,,0.15957990599719,344.830353358904,-0.0266155584493623,0.290812467915606,,,-73.55830485897957,0.114754611428672,0.025551544804969,,,,,,,,,,,,,8.52472203679353,10.7997639329215,4.21271461903764,3.78327904506099,47.0,49.0,17.77855572,1.203302086,22.4799731,1.073260262,1.38047476689835,0.909380624923098,,0.0642423670047662,240.197296123711,88.3572208827758,703.121748084636,93.5736845963384,16.613085533455,36.7338824725463,84.5499761130855,59.9177349428739,1.13132770275824,0.690652821706074,0.0717538933812183,0.0235063091696514,15.5632753228706,4.24765177494212,0.734996919525592,0.0709796102352916,40.2200058162733,13.5253260711271,2.08491815131293,0.419171138972937
1983,8.50901351351351,12.6389367389367,21.6447752643948,14.5382197414806,10.0,-0.693805850462751,,,,,,,,,446.863929687671,,,,,-73.0973354352507,0.441640604484339,-0.396210601338854,,,,,,,,,,,,,8.69714628244073,10.5026864615863,4.02385459614912,3.85093570184124,45.0,50.0,6.374806099,1.295454782,6.265929461,0.927809326,0.58638266460268,0.28780323976558,0.0522170357373243,0.0028219838214317,117.861235209735,109.056263405192,366.04239457575,136.358623907451,28.3404201963945,45.3901870648636,181.813903218517,45.6012273825521,0.556086467419348,0.26939969877785,0.0908899376996862,0.0007615258687075,21.3941338374749,3.56307133155505,0.417842567117644,0.0112254988652235,45.7305576009487,16.2474818242628,0.9677586964269,0.609910194965995
1984,7.63086936936937,12.0403608553609,21.8770857814336,15.2372106345476,38.0,-0.448856046983678,,,,,,,,0.379123913202361,437.903838338798,-0.172494603076106,-0.180321800981554,,39.27348070756849,-73.39489734558886,0.576483245541934,-0.418859501204554,,,,,,,,,,,,,7.47787930653337,11.947822736898,4.0327515824843,4.02442557640437,44.0,50.0,9.011323103,1.437501431,24.12805335,1.370435603,0.235399418550082,0.335816074750382,0.0058602865504044,0.0,116.743707622146,172.874559642708,322.524368669985,295.395223602191,26.748440510881,63.2921570892468,53.1130999823412,38.8330637364485,0.876691324849367,0.0799644539778101,0.0289748815094987,0.0088217915809404,33.5862729939947,3.12030155332189,1.03190533839897,0.0052509426699434,70.8916297587049,24.891339818625,0.396316258552356,0.208588088849757
1985,8.32688288288288,13.2965013365013,22.3944756169213,15.7340863689777,41.0,-0.18938281044861,,,,,,,,0.350191267226019,295.080451068493,-0.145922590377834,0.388440007141049,,39.83779235637243,-72.74449453978158,-0.0407350931623198,-0.122857427787067,,,,,,,,,,,,,7.55062037248803,11.4603480523443,4.21292763472963,3.98762864401334,52.0,60.0,45.5386106,1.138529637,98.97503078,0.948259308,1.89008080498194,0.820355179252955,0.113453929685275,0.0489978146902934,447.191514720749,146.085750019162,1472.27064313634,217.504701823695,20.7069729082296,63.6485483161694,42.8428357147276,92.2409655948225,1.03479094739297,2.16937899646626,0.0784428385493387,0.0178009295334732,28.6923968277837,1.68541720979335,0.148243564034435,0.0094870316018742,63.3617150073831,15.1331336522304,0.955015995501518,0.0627813396850485
1986,8.11265465465465,13.2825586575587,21.4153789659224,14.717758519389,7.0,0.749154082710569,,,,,,,,,438.922812843836,,,,,-73.00747908559796,-0.357854941935476,0.287150581424769,,,,,,,,,,,,,8.47324971117709,11.6614450560411,4.09165869813579,3.55474485239911,53.0,54.0,3.950970277,0.783265214,11.81824038,0.56795773,1.00620958181349,0.190789465043753,0.94671684618468,0.0,169.345686681207,57.396201069094,428.108906139112,38.9064979112105,60.6474831598282,26.498409840765,18.0259317406858,29.768883055957,0.420643730584064,0.345494406194477,0.050979491044192,0.0064844577326901,12.3061377395295,4.09487372901787,0.366787138968691,,30.5647131388338,57.8364129665562,8.3553052854972,1.27987441810793
1987,7.49283933933934,12.4780902880903,21.8338616333725,12.7846034077556,0.0,-1.13023344282473,,,,,,,,-0.139277324188584,367.521031890411,-0.180245594150028,0.204282981136444,,,-72.4606229500404,-0.578547135486597,0.527895317609561,,,,,,,,,,,,,7.92380394925038,9.72447450753882,4.23835030128499,3.81587863197246,42.0,48.0,15.71006715,3.126748621,57.60569245,2.555756156,0.499896406019745,0.270663286547755,0.105655544622004,0.0236552320380877,422.626986167832,55.0674745442164,1159.62618031798,75.5722328882539,55.8901560822937,12.6242009277656,109.739657611548,11.5090517744188,0.655668704059884,0.166228871928189,0.109951758242793,0.0408477765128336,2.7482429260701,4.90644241510099,1.59246669251599,0.0189342036769584,12.3241271286039,55.1353676384606,1.94535972817813,1.01514968984593
1988,6.58925675675676,12.0119022869023,21.8729935370153,13.5939321386604,9.0,0.0497217936007851,,,,,,,,0.0125922340636495,296.705132502732,-0.0288753759485841,-0.0348791855753092,,,-73.32457354270221,-0.248519153366597,0.370464017893076,,,,,,,,,,,,,7.9407341488829,11.8406425770938,4.20914602572126,4.00009431080304,49.0,44.0,15.1387116,2.045669786,58.16428257,1.617556296,0.284071801505403,0.100499019431423,,,419.433207875241,115.714847512651,1171.5234348649,193.630498538757,55.0462995975738,35.5401481221161,28.6131086112457,43.4533984064381,0.565447418333785,0.154139219477836,0.0058602865504044,0.0297735465856739,14.2690260351037,5.09580879203732,0.82115926786669,0.0083877545981888,35.3807576734337,53.9947601220457,4.62231507137251,5.42947910769473
1989,7.43576276276276,13.0083145233145,22.0390672737955,13.9081389541716,6.0,0.720826684898938,,,,,,,,-0.212646491800679,395.171417336986,-0.267489038828228,-0.263006354916585,,39.7916548437603,-72.92985258338283,,,,,,,,,,,,,,,7.46652592222564,9.92077146382711,4.15540944620181,4.18276230245886,45.0,47.0,29.49889232,0.217032321,48.66795001,1.930146543,0.356851794288811,,0.0,,250.7189828555,142.987985328892,872.908825968168,38.6329925981658,13.7814388048113,48.5059000285389,35.3565937666029,35.5910777676694,1.39437946683126,0.229141088892582,0.0157303056889303,,14.2298438345776,4.17861368861816,1.60200823020951,0.0067654889453538,47.9816058577872,11.2888044518686,2.89581957995747,3.06795225670679
1990,7.30276126126126,12.5002331452331,22.2163014101058,14.7216186839013,22.0,-0.0646217036909725,,,,,,,,-0.0497606215791399,549.719856920548,0.47473363544011,0.247691625064351,,,-72.67135859712732,0.20442108693966,-0.197369029416668,,,,,,,,,,,,,7.93187789722014,11.342485956374,4.24262130932912,3.68785097163324,37.0,58.0,29.48280029,0.903493088,70.2148087,0.693531585,0.248211663956333,0.110057369035839,0.0231572028999686,0.0,306.430891419309,64.4854552054476,899.66571864363,53.4165216223055,21.2057080268324,30.4616206862522,35.5251151410126,42.3642337636096,1.11659902211819,0.675655742669429,0.0072487208437095,,14.0646438712548,3.24025722237432,2.11934962998654,0.010009589146048,30.3950141290719,18.7468967931377,7.46162091126072,0.687220458366319
1991,7.77467267267267,13.289106029106,21.8243889541716,14.3755816686251,16.0,-0.0070556947852255,,,,0.139861137284291,0.0495536429557071,0.0556953992298974,0.0932861533616861,0.076905755410771,342.331492734247,-0.0114215521972609,-0.107541243527823,,,-72.50122118924494,1.62937383102441,-1.7597568039726,,,,,,,,,,,,,7.94849077883609,9.36433151232476,4.21783997826849,3.81193568510901,39.0,41.0,12.70025977,1.575882718,28.52902032,1.14505038,0.147116829306039,0.0763885767944052,0.010416624108328,,316.842983758222,45.8671537641489,883.80395704612,68.5854742640299,33.691441929391,17.7481125599473,15.807055378105,32.1665557805753,0.855922256019823,0.40923726421536,0.0208919998617869,0.0070894701061173,13.6693558124897,6.58278474589747,0.412956724672139,0.188300065144129,17.6251599654994,32.3813820600192,3.25626035834631,0.557406504737668
1992,6.85226576576577,11.2581378081378,20.8341994712103,13.5754347826087,0.0,-0.405379880510178,,,,0.146369840372171,0.0847397888918813,0.053568540606845,0.0914469779599955,-0.162104954125954,364.615163103825,-0.21363951938142,-0.240216852509559,,,-73.625,0.816921637826765,-0.664488943216323,,,,,,,,,,,,,7.77109889877162,10.1683625304562,4.20591412440981,3.7768642290535,40.0,54.0,11.678782,1.888740293,71.23599616,1.646405638,0.436148386876462,0.177784980750202,0.0205110029264157,0.0,232.05910742566,43.4888476141942,677.045085778129,52.1989522019299,36.9117897615506,13.5406122154169,67.6726076858737,16.4573336326883,0.954022516129106,0.355018388035565,0.0554828641931944,0.0,5.80059188306862,1.55604922709749,1.45363747741255,0.0280571968229111,13.0377052676111,36.3584589324807,1.95753193334816,1.19660918937402
1993,6.48327927927928,12.3312474012474,22.0141451233843,13.6769051116334,21.0,-0.770902985207506,6148234512974.049,1055540868910.2424,132985638875.86333,0.148689862520699,0.0896670807850959,0.0532739900891442,0.103484066611692,-0.121951189881201,412.897734136986,-0.326410678694561,-0.327915325028884,0.0,,-72.6733107469272,0.658074537443926,-0.562207720929172,,,,,,,,,,,,,7.40610914619574,12.4476488807084,4.01170850246944,3.78424765851846,45.0,40.0,3.988501781,0.49484926,43.04225573,0.323479793,0.237549736517936,,0.011720573100809,,129.255468181213,53.0436386339377,280.833193218291,26.718716159846,56.9117487132932,34.6288679231392,30.590446016159,12.5773682427195,0.681372626690769,0.61244601010918,0.0034669385672514,0.0066163436857053,8.38118880074192,2.16551688476944,1.28651446815288,0.0690486687769516,34.4680584977866,55.740380887029,0.748701371355434,0.717446730975269
1994,6.30716066066066,12.9716528066528,21.737812867215,13.9646474735605,25.0,-0.275498456494315,6190003020856.13,1170224036116.7925,0.0,0.154785869996171,0.0894487102844236,0.0599580880910747,0.105963488991616,0.032745838294801,406.031879890411,0.093965501022304,-0.153614215546039,0.0,,-72.35812128603818,0.085642070676224,0.0781313810756343,,,,,,,,,,,,,7.87601672239229,12.9154774180108,4.00443883253105,3.81131022670397,45.0,39.0,2.388360365,0.334190991,29.4116229,0.207171293,0.470677977111081,0.411333340367388,0.0754897913837,,84.1461393020059,74.3521222759668,184.072213190568,31.0805296344237,56.3306104462685,49.3909717652422,38.3080458051942,20.0677123336369,0.149770369980631,0.354478312638141,0.0094066127381059,0.0010763844911938,26.4519583373026,0.922273698872858,1.31229898873754,0.0168891049718672,51.4333329978697,54.6783284457127,1.16497928656082,0.86763882765383
1995,8.41971471471471,12.5971621621622,21.9509253819036,14.9410472972973,6.0,0.88904946088866,5925420216978.673,850803005553.7388,0.0,0.15812004150274,0.0725022272028277,0.0619004309867838,0.0999550465677817,-0.338017734538651,290.894995287671,0.173517734441044,0.51048255607888,0.264248594745871,38.70256251046492,-72.75551252657672,-0.013952234411013,-0.224678277490443,,,,,,,,,,,,,7.85589754972884,10.6893734357623,3.97774957861436,3.85774099401191,44.0,53.0,2.760674252,1.509063979,20.13102325,1.149108216,0.34191984446728,0.920772853596724,0.049812435678438,0.0282198382143178,100.96232160004,45.5835790948951,214.178447888371,62.3662893725911,63.3687883190031,13.0613547988971,39.9221863736761,29.689971602047,0.912654972436272,0.020833248216656,0.0058602865504044,0.0095464869609075,5.19193175325092,2.29413091516785,0.410599653205479,0.048509242719762,16.521224395411,61.7774181056282,0.410016113878218,2.06525793485879
1996,6.40330630630631,11.9686961686962,20.1704656286722,12.5630963572268,0.0,-1.08184260174565,6557678981902.617,1309428017471.8022,439190931786.4512,0.147374801997276,0.101095985444153,0.0540177644968692,0.0998859905188427,-0.0472324957687592,561.402996808743,-0.488394425576791,-0.618165354634416,0.0377520744834012,,-73.17770198546377,1.02478076897525,-0.248737501644624,,,,,,,,,,,,,7.77573773043577,10.866998030053,4.04921329889847,3.96227964669146,43.0,52.0,2.531974166,1.543375025,82.91506836,2.155921156,0.214093902862714,0.529570390537365,0.0195714273957741,0.0028219838214317,188.591717390604,73.0140669220383,366.650281115568,103.40465729844,140.826147173214,40.2669832169215,47.3206888273245,23.7114095744737,2.34982821356064,0.290517519871404,0.0495973897422555,,6.63497364986612,0.830765262253559,2.48396623423405,0.00762308613561,41.9388574584734,139.869260613101,0.991930270914441,0.123390133827674
1997,7.22774174174174,11.7274398574399,21.6531316098707,14.0848354876616,0.0,0.0395999399410842,7868095316683.478,920421304596.7592,58239795745.59666,0.159383173550276,0.111293994021479,0.0609906224428645,0.114353068519727,0.127550810630649,,-0.332268832566458,-0.721965219802586,0.0125788055008024,,-72.85278915788233,1.13269720959607,-0.758550627659886,,,,,,,,,0.938761213803534,0.9178777687562552,1.043778872887193,1.1109757373767926,8.59292913341473,9.58374549443782,4.15049242584185,3.81189607478336,47.0,55.0,5.729725329,2.305450054,18.5545374,1.908098529,0.692623137723705,0.996499801464709,0.22269088891537,0.0084659514642953,200.0786863039,77.2185251906725,480.983076507581,89.7133023762189,50.8445322928745,21.6237442898689,215.866318130545,40.9381585662669,1.50981133206829,1.59306953410191,0.0299505979256076,,15.5122951589009,2.41470588762506,1.04500118581662,0.0055918363987925,21.8708894543243,49.9458810524753,1.42252575575353,1.29908420940808
1998,6.92317567567568,11.8924651024651,22.2141700940071,13.3320990011751,0.0,-0.640040781703081,8105859125779.922,1383527922406.3416,540330268025.5372,0.145053106371776,0.099451992931351,0.0516415395058693,0.0746564619797467,0.0380514759354676,,-0.864841293138691,-1.04432604071616,0.0251732689826001,,-72.36248987963182,0.332155583256689,0.519466488202609,1.1761342936874954,1.1039542582769757,1.2120367479936092,1.1036071069234832,1.0118032337907965,0.7742477319308633,0.881134754694192,0.6945284177057415,0.8188919834875512,0.9830478007848812,1.5708386352176258,1.546004940589298,7.5367510488216,9.6356812760467,3.90586777116578,4.13875264070664,43.0,53.0,2.40698463,9.733075091,25.64926609,12.2132615,0.642571880299788,0.765118219121717,0.0175808596512134,0.0,96.6609268390181,138.408071071072,160.294975069033,327.597022231278,59.8653545235877,11.9406722276396,124.688368702842,38.4027445529601,1.25723726704717,0.595097991160631,0.0168205841223101,0.111018399114004,4.50833500501011,2.19568054104594,4.68088012754887,0.0700111889543255,12.3644297046099,59.1578935491792,1.99554844252913,0.545475061464461
1999,7.55375675675676,13.0617122067122,22.6405405405405,15.6166436545241,52.0,1.08060246753181,6164473288569.708,294904983685.5049,0.0,0.131387639592271,0.0971312459259202,0.066396124220663,0.104764708860034,0.129682627021131,,0.0700144188103009,-0.153094459570665,0.213964796391849,39.44718658996302,,0.531019950754245,-0.716605577248763,1.1978398452006325,1.1444747543686302,1.3850162022044867,1.1745233612169068,1.2113966905094082,0.7568807521117479,0.6742166991504379,0.8370638021310703,0.9843224745405628,1.1204214828256025,1.5309486610120684,1.1031081907926468,7.7409964797264,10.9130852348902,4.01649302006482,3.8034727050356,50.0,48.0,3.015274264,1.80310064,15.77412623,1.446942153,0.663432303589554,1.32978253181522,0.107847414579184,0.0264772158595195,261.48397006269,91.1575571181989,599.675477682538,114.432555304987,125.275719401795,29.9482957864503,94.7178167203889,63.415311827728,0.597901728958508,1.5519734202335,0.0360425892240111,0.0421850253211638,16.5138378175877,5.8862876889539,0.0531187705798956,0.0400529247466871,29.9343330288755,122.800166217063,7.67316176582182,1.26020319058544
2000,8.65173123123123,13.0630962280962,21.8183372502938,13.7686148648649,22.0,1.17434883251303,4991196717610.666,519350463264.25726,0.0,0.162581826839631,0.0972164129840672,0.0617061223405943,0.107145738115368,-0.0374257279959372,,0.229340112416017,0.394035640934064,0.0629096854850046,,-73.28683340692815,0.546239123345771,-0.530988133687391,0.9616020353538782,0.8774531583055155,0.9958160283414478,1.3782992091995858,1.295713645635289,1.1358910166895315,1.3784617005406548,1.1209726698166074,1.01747231393343,1.0950934437324755,1.2545002566495491,1.594830476223035,7.73280823818338,10.4285996204194,3.87882287341332,3.50033770809649,54.0,41.0,3.673567273,1.666936596,9.043393482,1.361656716,2.27270218343341,1.79323105224306,0.0187149453541647,0.0112879352857271,70.9182911647888,88.9146206356083,133.676436143726,59.5245097070331,30.3105559358937,31.1557272294278,127.764117899821,42.2786003126631,0.875920481232099,0.789206336062008,0.050172845503807,0.120298222972903,17.3108623319291,4.40219932350134,1.08673613911829,0.0119342286238867,32.6731483410579,29.0807060603294,16.9984472222472,0.59702710031448
2001,6.26938138138138,12.7982402732403,22.4179773795535,15.3766113396005,29.0,0.729218616434539,6451844299070.898,612277671854.6267,0.0,0.127028555877596,0.0873433142460738,0.0540586618633311,0.101623945796933,0.0274394217461505,345.028183057534,0.0086406288398115,-0.0196708635402437,0.0251732689826001,39.55934554078438,-72.39638406258528,0.579195466797588,-0.25858288416039,1.3080129835598024,1.319528358348251,1.265855880122148,1.3894436170546427,1.0779467308698083,1.2956709532865311,1.1479379292147238,0.8730565175958144,0.7640002048914857,0.989216275929985,1.0566741422667594,1.289090035426923,8.3180193660599,11.0423264782407,3.82600519814582,3.79317193508436,47.0,53.0,1.443778744,3.79824912,5.580836254,2.069652538,2.84277804662582,1.29840627465228,0.264498369331114,0.0589794618679242,78.611901935344,89.5122862439624,90.955172303812,130.592252531048,68.2803683344046,15.2700422086419,66.9188524052606,30.1958445245524,0.596751151340251,0.314707321973165,0.0289643687582471,0.0533057362138839,13.3528567649275,2.89845905458811,0.629855971980737,0.0158460905679297,15.2882700994825,64.4637898610852,12.3961245301335,1.07704171236943
2002,8.90612912912913,12.9180917730918,22.414892773208,15.1005376028202,78.0,0.880641724884992,6570632097735.173,745393354642.7697,6495449607.366764,0.14626131788504,0.0974465600558629,0.0634901054325133,0.124016597486165,-0.176206862335939,377.457513380822,0.264175532470395,0.263000889251541,0.1761658012480153,39.56213720466192,-72.35766801154024,-0.483230244930313,0.182862560004117,1.2235076416002588,1.0870861912634464,1.1982681075721278,1.1632246489910278,1.2456847564607976,1.3151879210704196,1.5940231052343867,1.5034755922291263,0.9225992481722644,0.8986323348073427,1.1962630410881283,0.9689057766484332,10.8374320262631,9.49203185455952,4.03144565467782,3.83780146579064,52.0,52.0,2.761056222,4.661786852,5.760891246,3.473470951,3.52389768684136,1.60698501206631,0.320711858899305,0.203102168713436,234.591888112786,116.198055731182,474.969371973679,164.76468780722,91.7817310957461,19.3057230535269,291.872467710316,48.7161043435208,0.458888739810179,1.36805251986708,0.110036582193594,0.135289782868764,15.7539111115893,5.32106988938682,0.738568681477196,0.003452064725347,18.9199991206487,91.2503046538628,8.49693860119296,6.81097034884129
2003,7.0833963963964,11.2343228393228,22.1310825499412,14.32196386604,7.0,-0.358145362274785,7954912816206.619,940904071010.6462,31960304471.532097,0.184286921646329,0.094850872734156,0.0545597130897026,0.116298292964433,0.102830931088835,517.344832789041,0.205137872435522,0.0415740896924128,0.0,38.83435704421067,-73.5921249061235,-0.546753942387115,0.37542430150408,1.0934680155323513,0.9363572826279664,1.52769825544378,1.2936932214995542,0.9870554532843024,0.9193991286811708,0.7647173158628551,1.433714343875111,0.8902084562666595,0.942229013164975,1.2690927218831218,1.2537340442111289,7.95612960097669,8.25161312264656,4.03924763729947,3.92256492522682,52.0,62.0,4.369348858,9.832817097,47.84012716,6.360088533,3.59471543091689,1.910864773889,0.202837111664836,0.03640359129647,105.720074614387,152.33735895836,225.390864964635,289.572257568411,50.581362872547,14.0077434926317,235.080865341277,13.0656195117301,0.298477944626156,0.455275593865545,0.419352507276909,0.0213181598455441,10.953994538671,0.295897674762158,0.970317595922966,0.0024896999318902,13.7299169511169,49.9914448080039,2.63399062497263,3.45635266448273
2004,6.14565165165165,12.4823195723196,21.9085649236193,13.9516216216216,0.0,-0.900840920330818,5885618851152.838,1615117426103.017,296182924142.469,0.163892630489505,0.0876632063628436,0.0557188650430055,0.106218820467647,-0.13336655020729,447.259213901639,-0.0902379426041929,0.21535254287661,0.0377520744834012,,-73.12866573470022,-0.848331790217865,0.659002460911272,1.2808266603614276,0.9761721696775928,1.017108567129211,1.0004478552345133,0.9211315166545624,0.7475120010656894,0.665115634634338,0.8499575424840747,0.8186370603377663,1.152432853543279,1.5870368143826206,1.1397125876381218,7.85826773945637,10.5583371628907,3.84166148068247,4.17575360028777,47.0,41.0,2.487235754,9.946241047,17.84891321,6.12417537,2.63253463647774,2.69784923557444,0.0468041722546727,0.0986974697025026,50.1633300187588,145.437519087206,99.2513842765659,353.04986424796,31.5987497368804,10.6904359390321,75.3207326611557,25.3107613614134,0.270836538779868,0.0830781986019645,0.0109097851766917,0.0036389890271379,8.0146355288048,1.3308991236305,0.250829733175754,0.0142316495050956,11.2261868174758,30.81246887504,2.8358844242057,0.917689793930943
2005,6.6411966966967,11.7243718443718,22.8859239130435,14.6429083431257,29.0,0.0667403252645525,6934769368081.795,951695418184.4512,38273327383.05976,0.150995378691861,0.0962018513704986,0.0529511770455011,0.118602044927832,0.272162453687637,481.067520876712,-0.352208752991264,-0.582293302360794,0.0125788055008024,38.90781563340018,-72.2341230161135,-0.927860250538307,0.782827890257955,1.120210630053726,0.960740600604473,1.0270317627547143,1.125024549122298,0.8992165564820976,0.7493014135530273,0.7225539480135927,0.6997195802459023,0.7213638620697074,1.2288953003598455,2.1396779964410784,1.7754415585809988,8.18940475185289,8.16464235256537,3.88287152951004,3.67778645313173,43.0,50.0,1.255111173,7.582141394,9.302669711,6.700478214,2.2361861832558,0.204876025435947,0.0936075513381372,0.0657240032011462,43.1940851414045,115.951135300196,65.0055252627346,127.574709488312,40.6669018572852,14.0889057255437,574.394571243068,11.7499659854831,0.40351727300385,0.127352473987734,0.0341587340163865,0.0096738769699111,10.1371919901581,1.78737495482339,2.1421616024207,0.001004712191407,13.3835548639403,40.1635956208843,3.44991011383373,0.593878199959399
2006,7.8505,13.133912978913,22.3965658049354,14.8439424206816,51.0,1.29005997075792,5284409553838.141,458586230497.3607,0.0,0.156881833365718,0.0898184889361027,0.0626102560621027,0.113594842864934,0.0233592792721136,578.160009556164,0.159199904420692,-0.231639282565121,0.0503308799842022,,-72.24298787217742,-0.714157395087061,0.233892618425277,1.675204860255946,1.278821615545611,1.5657439147709462,1.172442932227061,0.8439138975765492,0.942920650392835,1.0069832945270492,1.155788324085136,0.9354888872011186,1.105274825619297,1.460352482295968,1.1949622524988537,8.92796195719004,10.8762395369758,3.99420654186392,4.09478085514799,44.0,49.0,1.660646065,2.748899855,7.59053265,2.320757183,1.85861181081499,1.76969520338267,0.0717663813345277,0.0694223610431747,139.926106264118,156.496598646939,230.148471386706,295.120955376875,108.662296946131,38.8885491200535,61.20154225129,32.9129823452739,0.602361437194997,0.429741177362397,0.062178571666849,0.0201933288665955,26.7836106177104,4.38473651450123,5.67102014636079,0.0231722200707932,39.0033054463525,103.272520824471,0.871395340650688,0.506148089869314
2007,8.54058108108108,11.906686961687,22.240928319624,13.7215658049354,13.0,-0.0250076026260874,6579364085841.813,1222875811578.04,380838353200.0073,0.175767344878335,0.137719961101733,0.141590610645969,,-0.0119277181431556,454.559892865753,0.0061984126830173,0.103926254603683,0.0251732689826001,,-72.82677573894425,-0.416390174632703,0.127108308487375,1.2771155847087752,1.1267687578828,1.1204232552085502,1.374130694865897,1.387016424519021,1.269085491957351,1.0923007256849038,0.7889761779453023,0.757958969316271,1.1610461396028084,1.3898253648972154,1.228714549184015,8.74191230551998,10.4274281447827,4.15144047488625,3.95537583009076,51.0,48.0,4.566391721,3.266020157,11.02623189,2.045911135,2.96821995712464,1.01739649378974,0.339150994412206,0.064905627892931,94.6320982859653,56.5125176329952,215.042520492578,98.5337434646443,31.0378364786238,11.43812569997,40.287436936323,9.03277598388045,0.288764546935578,0.218763733123952,0.0853231215246242,0.0427794422273135,10.0899654932173,3.32272947575075,0.316433997673669,0.0342358604740482,12.2342936118181,30.6176761411529,3.48428492216582,0.585342633459662
2008,7.54227027027027,12.6044238194238,22.5422635135135,14.7002217978848,12.0,0.502792169496909,5902205379957.283,1019173723561.011,169755643474.2881,0.15869117638149,0.106125343534171,0.0473478834088063,0.114445849853578,-0.0122700072687248,543.024155715847,0.0007905670830872,-0.255226731672593,0.0,,-72.1976682171786,-0.112051396428787,0.123827140222441,1.1701739337850765,1.0790015802819544,1.404818284885227,1.4680401576683957,1.311907055519125,0.8317137089880013,1.0127086653339556,0.9083328585881112,0.6678118799692134,1.0206669235250116,1.127885374154158,1.2954025602894523,8.55585884136597,10.701591944355,4.08186860896757,3.78454284122656,50.0,50.0,2.541262707,1.979762138,24.02238343,1.336268315,1.85107241524081,1.94564937224399,0.0652380262429503,2.82198382143178e-05,217.387252798438,58.0324334208997,434.337122025822,75.8477310059936,152.07188341711,16.5819922497325,42.9837062022732,20.482858865462,0.383881333984099,0.444084653753694,0.0194929412424083,0.0358705313042896,11.2555859797938,0.798818036755287,1.21391822917535,0.0039449470751781,18.7892681439008,151.127620177631,5.83593377569492,2.12627710377924
2009,7.60102102102102,12.4998589248589,22.5882256169213,15.1917097532315,49.0,0.275680960563079,5652628878572.784,765294767879.5884,0.0,0.20431420341026,0.0876386462712354,0.0507484139888799,0.130034669634708,-0.0087199846470502,469.513490673973,0.125333534670864,0.0923571873613763,0.1132718541797138,39.94011890110762,-72.86640640307222,-0.444770007313846,0.167158829650525,1.1864880631716617,1.0525463080765114,1.0645939843001977,1.1287775931753512,0.9993816689254,0.9306407839391878,1.0019325970229962,0.8856871590023523,0.7659171213024781,1.1591286815197226,1.417627302457804,1.3161488346433798,8.28714352132432,11.1019986447082,4.13973807559025,3.94654640181616,65.0,76.0,4.674677297,2.225698479,35.34541475,1.741224675,1.37978212537949,2.9905864189973,0.0831803132508196,0.0298191968532486,302.697205222594,116.35948221764,706.7674246459,180.986943633827,133.332784795089,32.6367880503604,41.447674945681,30.1488094963249,0.338319382835932,0.186172032337662,0.181819298957475,0.106609108501609,17.8738864975697,1.3192295012442,0.46085287523318,0.230666469525093,33.1017926675088,131.501814378108,6.65920222758337,1.76623756305133
2010,7.04268918918919,13.7518369468369,23.3816230904818,14.1818830787309,78.0,0.62341692017682,6480423865892.209,877226087332.6362,0.0,0.189821875291696,0.0846806761108805,0.0585734860080792,0.128951201111483,0.0306897989825498,449.515623452055,-0.162150685174552,-0.364976586666821,0.0,39.30538783169816,,0.114791376458266,-0.224596259367824,1.1601375642674328,1.1217938736152575,1.0483504429495512,1.3854306847980646,0.969746845578888,0.7914218372663423,1.141060295122121,1.3050597152146994,0.719988100037211,1.2058489598284154,1.658182434368245,1.5455518372582,8.58352252372844,11.5269369148063,4.0039194830009,3.90944221048459,62.0,77.0,9.234881961,2.020240431,14.94847994,1.602261967,1.95555543499096,1.67027465111157,0.166356064778516,0.0914563434599139,164.9812061837,147.069547801506,402.374567346951,219.882962575306,19.8423309308999,26.2166802275516,114.376801786439,22.9646322064359,0.714763443927148,0.331372399977237,0.277746278932232,0.0879794283009441,13.5406328176693,0.658891416180405,0.630921840641682,0.0267708106534943,36.5578126148692,17.662831118629,0.81711277771532,1.69350956488718
2011,7.03926426426426,13.7779046629047,22.5699089306698,15.6078243243243,250.0,0.0713081594038086,7233522213666.453,713772537437.6909,31022347332.592308,0.140808154444254,0.0895476736865033,0.0453765826107631,0.12153695973888,0.0710525537831524,639.25137209863,-0.208020106071908,-0.418557699369153,0.0377520744834012,39.29241926760449,,0.504275063577032,-0.460440422446762,1.5371180692034678,1.1639100169558296,1.3856194704739755,1.4667332629012289,1.021733558802321,0.7313041435113661,0.7791837000881474,1.832453526638728,2.1306228339277027,1.459203169880566,2.152824478455877,1.792146277376273,8.1113751551246,9.43007013252337,4.15579437585774,4.42060324854289,68.0,69.0,8.342219008,0.295886883,61.46870225,5.994401228,2.30966114243386,1.71279497231,0.0842070531939773,0.0665597470362505,216.224507590569,207.371813087409,553.227444120862,103.800665519886,55.1329123604763,15.6443284237964,34.364904223775,37.4485197271399,0.461161956486568,0.0698754088948396,0.208110184268916,0.0672486494977185,7.64190474206165,0.324958570885722,0.62766551025104,0.0172099847763779,22.8037079705901,52.6139576279466,2.12196141042803,0.12744577782615
2012,9.97562462462462,14.710493020493,23.8925881316099,15.9918257931845,128.0,0.956960184845127,4237022529098.748,183202940087.82523,2621804857.192859,0.147711275140688,0.0831620847045104,0.058423983380706,0.118445571926565,0.194495358899222,336.882493814208,0.186497377958011,0.0563131401365306,0.1132091690715085,40.14655369592134,,-0.499358389448603,-0.0770364468965571,1.4917390302948776,1.2990446383464525,1.144597477664965,1.234416557844044,0.8494053060097615,0.8772105423821716,0.985935557021745,0.8489873985400199,0.8334450660846514,1.1488512968902114,1.186782388699677,1.3818774107965506,9.50785013119119,9.91759874757799,4.21007809969659,4.10708269950561,66.0,71.0,16.70314307,2.158749476,18.17588647,3.691643552,2.79721676647315,2.74671455180855,0.444729809598311,0.172136666898624,358.802597848451,215.17300851446,938.591100747037,333.747805283583,26.5124308297238,27.1153451636264,185.207687828803,42.3380930982296,0.979500323668201,0.235676660494075,0.719659911834188,0.0545358388756907,22.0956948614011,4.0840945479863,0.277922430008096,0.173854300656055,26.5944271259641,22.5145239041852,4.26026800847771,2.94720846198589
2013,9.02422522522522,12.8764434214434,22.5184253819036,17.0664653716216,97.0,0.784809029166476,5457696458564.248,550520673073.4142,0.0,0.169535690974712,0.110144306764064,0.0670695249288018,0.09241652643437,-0.163907666696914,459.533564230137,0.328016394940428,0.219451919961218,0.0,39.98113100508908,-72.3092420810269,-0.106916497240688,-0.106464960032607,1.1553433692872377,0.9964401768446745,1.171131901390292,1.6946094541969603,1.3706502710740571,1.1631702962010146,1.073596752082726,0.9864859550132252,0.7501130923342881,0.8283662738136208,1.3596280694937426,1.1762612283555147,8.70420634720157,8.45761380723822,4.21691736825227,3.49316246648724,60.0,54.0,23.43078848,3.882758392,32.98851349,3.337563869,2.11653200719385,1.40393400778618,0.0991165053176059,0.341772487011607,226.224832756539,188.391006275333,631.748445384955,75.2125709991775,12.8597580537833,32.298533649992,1314.79904431662,17.5979995539917,0.418761901199322,0.12825155551428,0.173941254683746,0.0343614658022432,26.5206001424183,0.443389064773046,0.187900920730418,0.0054451040774297,36.3574732625777,11.1402260021639,8.39351500820691,0.533048629473533
2014,7.76739189189189,13.5276061776062,22.9447076968273,15.9037382491187,100.0,1.38816470599381,6008642772501.744,299189947841.7273,0.0,0.0129337056586877,,,0.128080333878355,-0.299956976921981,451.248766772603,0.368569310989179,0.742519031412917,0.1761658012480153,40.229937451754985,-72.43668376865672,0.657450909405513,-0.9353356837796,1.2536605107116898,1.2288676559492857,1.1147150661614622,1.197489788813188,0.8801665081571657,0.7407520803024825,0.7225944500649724,0.708712795602853,0.6343156978469109,1.0705266337276802,1.652855193777617,1.25434552268564,11.0179958651841,12.1307134784732,3.92820248275869,3.83918887874003,62.0,62.0,3.536059216,1.060556822,3.87628084,0.528853595,1.37613079893819,2.58600961311827,2.14341229355926,0.392259627662208,255.13448605442,92.697659893947,450.317539207233,78.252203916685,26.232851504369,36.8167590602538,37.376052903726,436.975954401635,0.560977291954096,2.01705550076257,0.259271309561256,0.0375148068629155,25.9183773647999,1.54666437615363,0.249662833124356,0.0559592376603297,36.5052989687739,24.5405113704102,2.68362919627318,0.184863941713093
2015,8.04264714714715,13.7877130977131,24.2772311985899,16.2575558166863,230.0,2.1515754666924,3788703969151.052,201634311324.7916,0.0,0.113448538569807,0.0642869646751151,0.0521253813532934,0.113879430396585,-0.117372540260793,345.966904372603,0.479844013152503,0.833542184244137,0.0753785097423656,40.19363242481387,-72.13239546790557,0.777908037622757,-0.713975084540053,1.093085341048558,0.9520204908767222,1.137856977586568,1.5371912112591708,0.8709549369989541,0.8257625467467856,1.2668200593667522,1.7563636884679912,1.5822633998365043,1.2406245382777426,1.1267258384666958,1.1624531366018669,9.38627047416643,12.2539630850342,4.13394760300326,4.0627594984775,53.0,62.0,10.81681003,4.274867785,12.75634286,2.707584481,2.18709857765879,1.59679950638237,0.266184256149323,0.651821443405693,112.864631135842,203.885508699082,287.46452902492,395.804068199679,9.11770368844046,31.8274640218026,50.1318376244216,10.7023983573912,0.336640409620905,0.0282187587509122,0.26493686213753,0.0489449498469758,14.9814074142825,0.656973491063408,0.629876108508699,0.0133866269939599,31.063540969427,7.25783763053724,7.64522426060647,1.14749677503765
2016,9.49592192192192,13.2490035640036,23.6631624559342,15.7455199764982,145.0,2.68929013107206,5468196673749.518,621212699288.2087,0.0,0.172434323085605,0.0940286477079968,0.0559016927705241,0.12595971468043,-0.322539771385353,318.318742469945,0.154518766193456,0.488606812734922,0.1509925322654151,39.97114826833455,,0.794832922757443,-0.471530758100482,1.2074990228651012,1.2380144869474667,1.1721982941622566,1.084151246203747,1.0908159968409032,1.0090379712915616,1.1582992830465073,1.516617812540122,0.9522896439088552,0.9902466214292908,1.2537819022408092,1.016936359628945,13.1308747504568,11.2083727952965,3.93663533718877,3.71333436616965,63.0,59.0,1.724748287,1.531048855,1.956777829,1.209438211,1.41332477048233,1.72036341703464,2.58123023384695,0.198197857135624,166.960446911379,99.8336244099586,265.880288367312,91.3552716775056,33.6073628465776,25.8725994198276,194.031416108962,88.9411969453736,0.488149047078346,0.678364758476433,0.0781086982766992,0.057393259179784,17.0121616894119,2.97352107315359,0.53417983610659,1.10647086061896,25.8963633987944,31.9119448739078,6.87086507529047,2.4420378570678
2017,8.88207507507508,12.7445931095931,22.2577379553467,15.6291084018801,103.0,-0.277525862208939,6935969977776.878,1015911980316.709,12980515949.194883,0.148004788388977,0.113247729304323,0.0620504192577124,0.110586563531524,-0.427983752992841,513.265661983562,0.136240091230457,0.582434243895269,0.0880829544676034,39.893570343775885,-72.26191189991835,0.64092568265521,-0.754210247168465,1.1027199617607142,1.1234035134394786,1.282725450131934,1.2546410894518505,1.0296482127176234,1.0485701558931655,1.285078678119378,1.2357801563618185,0.8791191353381848,1.2067565221714047,1.5107487788905072,1.4658253885983117,10.1537880462315,,4.07394474670942,,54.0,,5.6809264,,5.698510864,,0.853292668909565,,1.51116037631773,,120.157029825794,,270.646445572602,,21.8207019524925,,,26.314572055328,,0.0754161643002644,,0.0452095909909981,,1.98287793024873,,0.0857653021690895,,19.9185662608138,,0.338192309132344
2018,7.65077327327327,13.0122408672409,23.7772429494712,14.3332784958872,82.0,-0.142205675231645,5824806471480.125,904618772279.6704,1953096610.88732,0.139615217497143,0.121120369773077,0.0595849865982149,0.128696947071635,-0.0994118460915067,491.793769556164,-0.0960441550360138,0.206680746580808,0.1509139746711601,38.68104877313666,,,,1.3932032461610753,1.3815695294791994,1.1206442018677227,1.0285613869790733,0.942157285648773,0.9194434424087592,0.9881197512403592,0.8838658620108444,0.7263878107195991,1.1421827354235248,2.083505382736279,1.5679783055287857,9.13876153156158,11.9063206398814,4.2037379216979,3.77857111154291,52.0,63.0,9.445832301,2.067095222,18.19907342,0.726425197,2.3039375182814,1.200754969847,0.0605938803508178,1.17609219211981,236.455382605144,98.92417237265,615.18170752053,74.6570358802601,42.2650494722711,26.2922080419776,113.185293910269,14.6023953246151,0.278499228475608,0.18346648002702,0.187178824532158,0.0747975409490896,9.83688598468489,1.06517641352394,0.984567105434445,0.0473531126933905,20.2349134449939,40.5388561247238,1.64593696982013,0.30924564535783
2019,7.2668963963964,13.4551054351054,23.5971298472385,17.3757538006757,98.0,0.280216537787028,6362080867684.105,1160320964658.244,0.0,0.152962245560637,0.0897578745482821,0.0532715021630742,0.128579308122509,0.267860179037016,618.0424768,-0.172774924566074,-0.707749683273178,0.0754884637343206,40.1786101793523,,,,1.4659768204706796,1.216217091385534,1.1845119460636602,1.1096806397203611,0.9209686948179054,0.9858403237175706,1.0912502740383263,1.090541299369573,0.8269464428070744,1.1295996884123485,1.5302866471244896,1.547019478564735,9.73671807753656,11.4239638632869,4.17415877174062,3.8644231157327,52.0,63.0,7.010136864,1.419448,12.06845375,0.997965022,2.22019185795021,1.11986941393746,1.19961219857016,0.271749729853998,184.183547160678,76.7220218652231,456.318646776054,69.3499366476399,38.2787097457093,29.9367553295922,25.2464949747034,22.658259021876,0.358097481559796,0.0669768700873342,0.250015891928407,0.101889436001216,14.6523044912941,1.29730904475737,1.11585799607934,0.155945707082356,23.9857355699534,35.7337433238629,2.17718144169042,0.396001740951916
2020,8.69426576576577,,,,53.0,1.13863713160899,,,,0.125349202267072,0.0970359974297785,0.0461660741345038,,0.0137724057352298,389.085984612022,0.0923275992909063,-0.179726187010659,,,,,,1.5407876289246358,1.1358958909382058,1.394698036750181,1.104034600082807,1.1345756996466103,0.8146776902806677,1.0841871493292357,0.9454231762369936,0.6788309154561606,0.940344110251656,1.3230304808914546,1.1251456580732238,8.4412965975434,,4.21854218765896,,43.0,,28.52625301,,27.00345161,,1.06864192404014,,0.456224020643257,,129.040827279508,,340.567071079859,,7.99818378620295,,,6.6103863751764,,0.117334614084783,,,,2.17610902933033,,0.0967113100113751,,6.0106447886436,,0.281990369521636
2021,,,,,,0.916989237154414,,,,,,,,0.270238253928978,,0.281745688712494,0.0121998334255664,,,,,,,,,,,,,,,,,,,,,,,,,,,,,,,,,,,,,,,,,,,,,,,,,,,
