SN,CruiseID,Station,Time [UTC],Bottom Depth [m],Lon,Lat,Pressure (db),Depth [m],Temp [°C],Salinity,pH,Flouresence,PAR%,Density [g/L],pTemp [°C],Sigma-Density [g/L],DO [mg/L],DO [umol/kg],DO_solubility [mg/L],DO_solubility [umol/kg],DO%,,TA,DIC,pH out,fCO2 out (matm),pCO2 out (matm),HCO3 out (mmol/kgSW),CO3 out (mmol/kgSW),CO2 out (mmol/kgSW),B Alk out (mmol/kgSW),OH out (mmol/kgSW),P Alk out (mmol/kgSW),Si Alk out (mmol/kgSW) ,Revelle out,WCa out,WAr out
1,NYOS1902,1.1,2/6/19 6:34,18.5,-71.9,41.001,,2,4.1028,30.6918,8.018,0.7914,5.06E-11,1024.3409,4.103,24.351,10.5287,321.205,10.6324,324.36832,99.025,,2083.5,1961.9,8.059,350.378,351.84,1850.3,92.3,19.4,47.8,0.8,0,0,14.94,2.25,1.41
2,NYOS1902,1.1,2/6/19 6:34,18.5,-71.9,41.001,,2,4.1028,30.6918,8.018,0.7914,5.06E-11,1024.3409,4.103,24.351,10.5287,321.205,10.6324,324.36832,99.025,,2081.9,1951.5,8.085,327.434,328.80,1836.1,97.3,18.1,50.3,0.9,0,0,14.50,2.37,1.48
3,NYOS1902,1.1,2/6/19 6:34,18.5,-71.9,41.001,,13,4.1028,30.6934,8.018,0.8271,1E-12,1024.3421,4.103,24.3523,10.515,320.786,10.63228,324.36452,98.897,,2098.5,1968.0,8.083,331.584,332.97,1852.0,97.7,18.3,50.2,0.9,0,0,14.56,2.38,1.49
4,NYOS1902,1.2,2/6/19 8:41,54,-71.81083333,40.75866667,,2,5.17,32.1049,8.037,0.4182,9.10E-02,1025.3532,5.1701,25.3619,10.0732,307.005,10.26441,312.8332,98.137,,2171.7,2036.0,8.054,367.320,368.83,1914.3,102.3,19.4,51.8,0.9,0,0,14.44,2.48,1.56
5,NYOS1902,1.2,2/6/19 8:41,54,-71.81083333,40.75866667,,10,5.1749,32.1109,8.034,0.4085,5.06E-11,1025.3573,5.175,25.3661,10.0528,306.384,10.2628,312.78281,97.954,,2171.1,2021.4,8.091,333.282,334.65,1893.5,110.4,17.6,55.8,1.0,0,0,13.82,2.67,1.68
6,NYOS1902,1.2,2/6/19 8:41,54,-71.81083333,40.75866667,,20,5.0974,32.1416,8.034,0.3387,5.06E-11,1025.3902,5.0976,25.399,9.9577,303.474,10.27966,313.28669,96.868,,2170.1,2026.4,8.076,345.978,347.40,1901.3,106.8,18.3,54.2,1.0,0,0,14.08,2.58,1.62
7,NYOS1902,1.2,2/6/19 8:41,54,-71.81083333,40.75866667,,30,5.3993,32.3396,8.037,0.2106,5.06E-11,1025.5129,5.3994,25.5218,9.8121,299.003,10.1926,310.59633,96.267,,2183.5,2032.6,8.086,338.825,340.22,1903.5,111.4,17.7,56.2,1.0,0,0,13.79,2.68,1.68
8,NYOS1902,1.2,2/6/19 8:41,54,-71.81083333,40.75866667,,40,6.3216,32.7366,8.027,0.1291,5.06E-11,1025.7157,6.3218,25.7243,9.483,288.916,9.9477,303.07371,95.329,,2203.1,2050.5,8.068,358.073,359.52,1919.5,113.0,18.0,56.5,1.1,0,0,13.74,2.71,1.71
9,NYOS1902,1.3,2/6/19 11:38,68,-71.72033333,40.86946667,,2,7.2332,33.0114,8.045,0.3502,5.72E+00,1025.8135,7.2333,25.8207,9.6877,295.123,9.72282,296.19451,99.638,,2222.3,2065.0,8.061,369.555,371.04,1930.4,116.6,18.0,57.5,1.2,0,0,13.57,2.81,1.77
10,NYOS1902,1.3,2/6/19 11:38,68,-71.72033333,40.86946667,,2,7.2332,33.0114,8.045,0.3502,5.72E+00,1025.8135,7.2333,25.8207,9.6877,295.123,9.72282,296.19451,99.638,,,2064.2,,,,,,,,,,,,,
11,NYOS1902,1.4,2/6/19 15:36,81,-71.63483333,40.47173333,67.586,67.056,6.9002,32.9421,8.022,0.2696,4.64E-04,1026.1222,6.8942,25.8121,9.4211,287.006,9.80194,298.60711,96.115,,2212.7,2085.4,7.986,442.685,444.47,1964.7,98.8,21.8,49.4,1.0,0,0,14.84,2.35,1.48
12,NYOS1902,1.4,2/6/19 15:36,81,-71.63483333,40.47173333,47.436,47.066,6.6682,32.8472,8.023,0.2457,3.15E-02,1025.9856,6.6641,25.7676,9.4858,288.988,9.86075,300.41192,96.197,,2213.8,2074.7,8.024,402.962,404.59,1949.2,105.5,20.1,52.6,1.0,0,0,14.33,2.52,1.59
13,NYOS1902,1.4,2/6/19 15:36,81,-71.63483333,40.47173333,26.618,26.412,6.7705,32.7906,8.032,0.4299,6.76E-01,1025.8317,6.7682,25.7094,9.6195,293.078,9.84113,299.8312,97.748,,2209.9,2067.7,8.033,394.536,396.13,1940.8,107.3,19.6,53.4,1.1,0,0,14.18,2.58,1.62
14,NYOS1902,1.4,2/6/19 15:36,81,-71.63483333,40.47173333,1.773,1.76,6.8451,32.7917,8.042,0.1922,5.12E+01,1025.7083,6.845,25.7002,9.681,294.954,9.82412,299.31551,98.543,,,2070.2,,,,,,,,,,,,,
15,NYOS1902,1.5,2/6/19 17:32,90,-71.54466667,40.0445,2.706,2.686,5.9672,32.6579,8.045,0.2071,5.81E+00,1025.7187,5.967,25.7063,9.9382,302.789,10.03571,305.7603,99.028,,2208.6,2075.4,8.024,403.791,405.44,1952.9,101.9,20.6,51.0,1.0,0,0,14.61,2.46,1.55
16,NYOS1902,1.5,2/6/19 17:32,90,-71.54466667,40.0445,15.781,15.659,6.2448,32.7371,8.044,0.4065,1.79E+00,1025.8073,6.2435,25.7346,9.7735,297.763,9.96551,303.61321,98.073,,2216.2,2080.2,8.025,403.728,405.37,1956.0,103.8,20.4,51.7,1.0,0,0,14.50,2.50,1.57
17,NYOS1902,1.5,2/6/19 17:32,90,-71.54466667,40.0445,30.973,30.733,7.4888,33.0854,8.041,0.1951,3.50E-01,1025.9856,7.4859,25.8439,9.0286,275.04,9.66154,294.32085,93.449,,2223.0,2086.0,8.002,429.563,431.28,1960.5,104.8,20.7,51.8,1.1,0,0,14.41,2.51,1.59
18,NYOS1902,1.5,2/6/19 17:32,90,-71.54466667,40.0445,51.043,50.646,10.2249,34.2765,8.096,0.0659,3.97E-02,1026.5794,10.219,26.3496,8.2899,252.413,9.02232,274.71279,91.883,,2284.6,2134.9,7.970,478.128,479.97,1999.6,114.3,20.9,54.9,1.4,0,0,13.91,2.71,1.72
19,NYOS1902,1.5,2/6/19 17:32,90,-71.54466667,40.0445,70.222,69.672,11.9034,34.882,8.084,0.0474,6.35E-03,1026.8309,11.8944,26.5176,7.4386,226.455,8.67214,264.00722,85.776,,2310.5,2125.8,8.017,427.517,429.13,1972.0,136.1,17.6,64.4,1.8,0,0,12.64,3.20,2.05
20,NYOS1902,1.6,2/6/19 21:01,770,-71.46083333,39.80066667,2.02,2.005,6.3352,32.8511,8.086,0.4032,9.19E+00,1025.8223,6.3351,25.813,10.0126,305.026,9.93703,302.7224,100.761,,2215.0,2067.0,8.054,374.125,375.64,1937.5,110.7,18.8,55.1,1.1,0,0,13.96,2.67,1.68
21,NYOS1902,1.6,2/6/19 21:01,770,-71.46083333,39.80066667,21.498,21.332,9.4764,33.9096,8.108,0.3975,7.34E-01,1026.2852,9.4741,26.1879,8.5313,259.803,9.19223,279.93049,92.81,,2264.6,2106.6,8.011,428.448,430.12,1968.7,118.6,19.3,57.3,1.4,0,0,13.57,2.83,1.80
22,NYOS1902,1.6,2/6/19 21:01,770,-71.46083333,39.80066667,104.783,103.956,13.7207,35.5628,8.077,-0.0139,5.39E-13,1027.1472,13.7057,26.6841,6.3206,192.387,8.3177,253.17599,75.989,,2340.8,2153.7,7.981,473.535,475.28,1996.5,138.8,18.4,64.7,2.0,0,0,12.58,3.24,2.08
23,NYOS1902,1.6,2/6/19 21:01,770,-71.46083333,39.80066667,354.101,351.093,8.4418,35.1549,14.416,-0.0398,2.64E-13,1028.9349,8.4044,27.3338,4.7302,143.887,9.32946,283.79269,50.701,,,2224.3,,,,,,,,,,,,,
24,NYOS1902,1.6,2/6/19 21:01,770,-71.46083333,39.80066667,456.268,452.282,6.7681,35.088,15.295,-0.0587,1.60E-13,1029.6049,6.7252,27.5261,5.9655,181.429,9.69378,294.81966,61.539,,2317.6,2208.1,7.888,561.957,564.22,2090.4,90.2,27.5,45.9,0.8,0,0,15.81,1.97,1.25
25,NYOS1902,1.6,2/6/19 21:01,770,-71.46083333,39.80066667,602.984,597.504,5.3291,35.0261,8.143,-0.0468,1.47E-13,1030.4274,5.2786,27.663,7.2364,220.054,10.02814,304.94787,72.161,,2313.5,2189.6,7.947,472.839,474.78,2068.1,97.1,24.4,50.4,0.8,0,0,15.23,2.06,1.31
26,NYOS1902,2.6,2/7/19 0:10,559,-71.77383333,39.70333333,1.983,1.968,7.051,33.1324,8.125,0.6098,1.07E+01,1025.95,7.0509,25.9409,9.9333,302.571,9.75576,297.16323,101.82,,2227.5,2064.3,8.076,355.320,356.75,1926.8,120.0,17.4,59.3,1.2,0,0,13.36,2.89,1.82
27,NYOS1902,2.6,2/7/19 0:10,559,-71.77383333,39.70333333,83.173,82.521,13.1641,35.3551,8.119,0.004,1.43E+01,1027.006,13.1526,26.6373,6.6534,202.528,8.42347,256.40726,78.987,,2332.1,2136.9,8.012,436.321,437.94,1976.3,143.4,17.3,67.0,2.1,0,0,12.32,3.36,2.15
28,NYOS1902,2.6,2/7/19 0:10,559,-71.77383333,39.70333333,253.189,251.102,10.9263,35.3968,7.956,-0.0311,1.02E+04,1028.2356,10.895,27.1038,4.3297,131.734,8.82421,268.48357,49.066,,,2208.5,,,,,,,,,,,,,
29,NYOS1902,2.6,2/7/19 0:10,559,-71.77383333,39.70333333,354.36,351.353,8.6853,35.1868,7.989,-0.0341,1.07E+01,1028.921,8.6472,27.3208,4.73,143.884,9.27719,282.20601,50.986,,2323.1,2212.5,7.865,609.551,611.95,2092.6,92.0,27.9,45.6,1.0,0,0,15.66,2.05,1.31
30,NYOS1902,2.6,2/7/19 0:10,559,-71.77383333,39.70333333,405.763,402.27,7.9629,35.1461,8.207,-0.0418,2.05E+03,1029.2387,7.9213,27.4005,5.1386,156.3,9.43053,286.84825,54.489,,2322.4,2210.0,7.880,582.138,584.45,2090.1,92.6,27.3,46.3,0.9,0,0,15.62,2.04,1.30
31,NYOS1902,2.6,2/7/19 0:10,559,-71.77383333,39.70333333,499.765,495.351,6.6037,35.0817,6.973,-0.0112,5.06E-11,1029.8219,6.5573,27.544,6.1196,186.113,9.7309,295.9434,62.856,,2316.4,2204.9,7.895,548.835,551.05,2086.7,91.2,27.0,46.5,0.8,0,0,15.73,1.97,1.26
32,NYOS1902,2.6,2/7/19 0:10,559,-71.77383333,39.70333333,499.765,495.351,6.6037,35.0817,6.973,-0.0112,5.06E-11,1029.8219,6.5573,27.544,6.1196,186.113,9.7309,295.9434,62.856,,2316.9,2204.4,7.898,545.398,547.60,2085.9,91.7,26.8,46.8,0.8,0,0,15.69,1.99,1.26
33,NYOS1902,3.6,2/7/19 4:12,590,-72.02716667,39.47616667,2.141,2.125,7.166,33.0471,8.093,0.6247,8.16E+03,1025.8679,7.1658,25.8581,9.8367,299.651,9.73553,296.5708,101.039,,2224.1,2070.3,8.052,377.963,379.48,1937.3,114.5,18.5,56.6,1.2,0,0,13.72,2.76,1.74
34,NYOS1902,3.6,2/7/19 4:12,590,-72.02716667,39.47616667,101.38,100.584,10.8758,34.6009,8.126,0.1187,3.06E+04,1026.9439,10.8635,26.4893,8.2463,251.05,8.87857,270.29909,92.879,,2299.6,2119.0,8.027,412.431,414.01,1968.3,133.1,17.6,63.6,1.7,0,0,12.78,3.12,1.99
35,NYOS1902,3.6,2/7/19 4:12,590,-72.02716667,39.47616667,219.963,218.172,13.0765,35.6477,8.019,-0.0293,1.02E+04,1027.8593,13.0459,26.8856,4.9762,151.438,8.4232,256.33689,59.078,,2345.0,2194.5,7.900,577.930,580.08,2054.9,116.7,22.9,55.0,1.6,0,0,13.88,2.67,1.71
36,NYOS1902,3.6,2/7/19 4:12,590,-72.02716667,39.47616667,342.738,339.846,9.1137,35.2187,8.635,-0.0147,1.63E+04,1028.8218,9.0758,27.2772,4.5595,138.704,9.18788,279.50128,49.626,,2323.1,2114.6,8.097,334.470,335.78,1950.6,148.9,15.1,73.1,1.7,0,0,11.98,3.32,2.12
37,NYOS1902,3.6,2/7/19 4:12,590,-72.02716667,39.47616667,463.327,459.284,6.9936,35.0973,9.188,-0.0391,5.06E-11,1029.6109,6.9493,27.5026,5.778,175.733,9.64318,293.28758,59.919,,2320.1,2202.4,7.908,535.804,537.96,2081.5,94.9,26.0,48.0,0.9,0,0,15.44,2.07,1.32
38,NYOS1902,3.6,2/7/19 4:12,590,-72.02716667,39.47616667,585.78,580.498,5.8481,35.0499,9.256,-0.0291,1.43E+04,1030.2964,5.7968,27.6181,6.7414,205.01,9.9051,301.21966,68.06,,2316.5,2249.3,7.771,739.247,742.26,2143.4,68.5,37.4,35.5,0.6,0,0,17.68,1.46,0.93
39,NYOS1902,3.5,2/7/19 7:24,123,-72.1265,39.73416667,3.373,3.348,8.349,33.5225,8.112,0.5298,1.84E+04,1026.077,8.3487,26.0616,9.4684,288.376,9.44855,287.77138,100.21,,2247.4,2079.4,8.060,374.007,375.48,1938.1,123.8,17.5,60.4,1.4,0,0,13.18,2.97,1.88
40,NYOS1902,3.5,2/7/19 7:24,123,-72.1265,39.73416667,23.09,22.913,8.3106,33.5195,8.113,0.6509,2.04E+03,1026.1705,8.3083,26.0654,9.4628,288.205,9.45686,288.02364,100.063,,2247.9,2076.4,8.069,365.313,366.76,1933.5,125.8,17.1,61.4,1.4,0,0,13.06,3.01,1.91
41,NYOS1902,3.5,2/7/19 7:24,123,-72.1265,39.73416667,47.186,46.82,8.6749,33.6756,8.102,0.3614,5.06E-11,1026.3469,8.6701,26.1326,9.0575,275.844,9.37069,285.3804,96.658,,2253.7,2083.2,8.057,376.525,378.01,1940.3,125.4,17.4,61.1,1.4,0,0,13.10,2.99,1.89
42,NYOS1902,3.5,2/7/19 7:24,123,-72.1265,39.73416667,47.186,46.82,8.6749,33.6756,8.102,0.3614,5.06E-11,1026.3469,8.6701,26.1326,9.0575,275.844,9.37069,285.3804,96.658,,2252.5,2085.8,8.048,385.569,387.08,1945.0,123.1,17.8,60.0,1.4,0,0,13.24,2.93,1.86
43,NYOS1902,3.5,2/7/19 7:24,123,-72.1265,39.73416667,72.237,71.673,9.8163,34.0435,8.092,0.1874,5.06E-11,1026.5633,9.8082,26.2373,8.2986,252.705,9.11631,277.60515,91.03,,2267.2,2100.4,8.023,413.006,414.61,1958.2,123.8,18.3,59.9,1.5,0,0,13.23,2.93,1.86
44,NYOS1902,3.5,2/7/19 7:24,123,-72.1265,39.73416667,94.905,94.158,11.834,34.7912,8.074,0.0938,5.06E-11,1026.8844,11.8218,26.4608,6.7459,205.377,8.68976,264.55845,77.63,,2305.3,2163.2,7.917,552.397,554.48,2029.4,110.9,22.9,52.7,1.4,0,0,14.18,2.60,1.66
45,NYOS1902,3.5,2/7/19 7:24,123,-72.1265,39.73416667,118.088,117.153,12.9739,35.3658,8.038,0.1147,5.06E-11,1027.2087,12.9576,26.6849,5.5774,169.765,8.45585,257.38084,65.959,,2329.7,2168.6,7.936,529.605,531.58,2024.7,122.8,21.1,57.7,1.7,0,0,13.46,2.86,1.83
46,NYOS1902,3.4,2/7/19 10:06,82,-72.21816667,39.98666667,3.572,3.544,7.4351,33.1242,8.078,0.5216,1.84E+04,1025.8979,7.4348,25.8816,9.6538,294.074,9.6709,294.59537,99.823,,2227.7,2075.3,8.043,387.920,389.47,1942.7,113.8,18.8,56.1,1.2,0,0,13.78,2.74,1.73
47,NYOS1902,3.4,2/7/19 10:06,82,-72.21816667,39.98666667,13.964,13.856,7.4265,33.1316,8.078,0.5283,2.04E+03,1025.9527,7.4253,25.8888,9.6452,293.809,9.67232,294.63659,99.719,,2229.0,2076.5,8.043,387.689,389.24,1943.7,114.0,18.8,56.2,1.2,0,0,13.77,2.74,1.73
48,NYOS1902,3.4,2/7/19 10:06,82,-72.21816667,39.98666667,31.072,30.831,7.5279,33.1809,8.084,0.5816,6.12E+03,1026.0556,7.525,25.9135,9.6465,293.843,9.6469,293.85505,99.996,,2232.3,2074.1,8.054,376.495,378.00,1938.6,117.3,18.1,57.8,1.2,0,0,13.55,2.81,1.77
49,NYOS1902,3.4,2/7/19 10:06,82,-72.21816667,39.98666667,47.01,46.644,8.0634,33.4286,8.091,0.5164,2.04E+03,1026.2454,8.0587,26.0312,9.3671,285.3,9.51521,289.81027,98.444,,2244.9,2081.6,8.053,378.849,380.35,1942.9,120.7,17.9,59.1,1.3,0,0,13.37,2.88,1.82
50,NYOS1902,3.4,2/7/19 10:06,82,-72.21816667,39.98666667,63.447,62.952,8.1988,33.4954,8.095,0.3706,1.22E+04,1026.3527,8.1925,26.0638,9.2285,281.068,9.48213,288.79373,97.325,,2247.6,2082.1,8.054,377.247,378.74,1942.3,122.1,17.7,59.8,1.3,0,0,13.29,2.90,1.84
51,NYOS1902,3.4,2/7/19 10:06,82,-72.21816667,39.98666667,78.704,78.087,9.5976,33.9572,8.068,0.8497,5.06E-11,1026.5618,9.5889,26.2063,8.3286,253.625,9.16506,279.09792,90.873,,2259.4,2102.8,8.003,433.089,434.77,1965.9,117.5,19.4,57.1,1.4,0,0,13.60,2.78,1.76
52,NYOS1902,3.4,2/7/19 10:06,82,-72.21816667,39.98666667,78.704,78.087,9.5976,33.9572,8.068,0.8497,5.06E-11,1026.5618,9.5889,26.2063,8.3286,253.625,9.16506,279.09792,90.873,,2263.9,2075.8,8.077,357.051,358.44,1923.4,136.4,16.0,66.0,1.6,0,0,12.48,3.22,2.05
53,NYOS1902,3.3,2/7/19 12:55,58,-72.3085,40.24116667,2.174,2.157,7.4634,33.2325,8.106,0.4433,6.04E-13,1025.9727,7.4632,25.9628,9.5636,291.304,9.65781,294.17335,99.025,,2221.3,,,,,,,,,,,,,,
54,NYOS1902,3.3,2/7/19 12:55,58,-72.3085,40.24116667,8.536,8.47,7.4899,33.2385,8.106,0.4732,6.67E-13,1026.0029,7.4891,25.9638,9.5921,292.171,9.65161,293.98418,99.383,,2227.1,2069.1,8.055,375.681,377.18,1933.9,117.1,18.1,57.8,1.2,0,0,13.54,2.81,1.78
55,NYOS1902,3.3,2/7/19 12:55,58,-72.3085,40.24116667,20.392,20.235,7.4985,33.2405,8.109,0.5293,7.56E-13,1026.0576,7.4966,25.9643,9.6178,292.956,9.64959,293.92238,99.671,,2222.5,2066.1,8.051,378.294,379.80,1931.9,116.0,18.2,57.4,1.2,0,0,13.59,2.78,1.76
56,NYOS1902,3.3,2/7/19 12:55,58,-72.3085,40.24116667,31.568,31.323,7.4596,33.2345,8.106,0.5288,8.18E-13,1026.1097,7.4566,25.9652,9.6193,292.998,9.65853,294.19452,99.593,,2232.6,2072.1,8.060,370.324,371.80,1935.6,118.7,17.9,58.5,1.2,0,0,13.46,2.84,1.79
57,NYOS1902,3.3,2/7/19 12:55,58,-72.3085,40.24116667,42.58,42.249,7.4046,33.2266,8.103,0.558,8.58E-13,1026.1617,7.4006,25.9669,9.5888,292.069,9.67116,294.57874,99.148,,2232.6,2065.5,8.077,353.822,355.24,1925.8,122.5,17.1,60.4,1.3,0,0,13.21,2.93,1.85
58,NYOS1902,3.3,2/7/19 12:55,58,-72.3085,40.24116667,53.68,53.261,7.3737,33.2215,8.102,0.7212,9.04E-13,1026.213,7.3688,25.9673,9.5256,290.146,9.67828,294.79551,98.423,,2233.1,2071.4,8.064,365.818,367.28,1934.3,119.3,17.7,58.9,1.2,0,0,13.42,2.84,1.80
59,NYOS1902,2.4,2/7/19 16:42,73,-71.9375,40.16366667,2.208,2.191,7.3686,33.0564,8.126,0.2637,1.43E-13,1025.8477,7.3684,25.8376,9.7343,296.541,9.68989,295.18645,100.459,,2224.3,2063.5,8.067,364.463,365.92,1927.2,118.7,17.7,58.5,1.2,0,0,13.44,2.86,1.80
60,NYOS1902,2.4,2/7/19 16:42,73,-71.9375,40.16366667,12.189,12.095,7.3651,33.0569,8.126,0.4216,1.43E-13,1025.8944,7.364,25.8386,9.7455,296.881,9.69063,295.20875,100.566,,2229.3,2072.6,8.056,375.345,376.85,1937.9,116.5,18.2,57.3,1.2,0,0,13.61,2.80,1.77
61,NYOS1902,2.4,2/7/19 16:42,73,-71.9375,40.16366667,25.897,25.697,7.6445,33.2,8.12,0.5632,1.55E-13,1026.0303,7.642,25.9119,9.5231,290.086,9.62015,293.04077,98.992,,2233.0,1037.3,9.752,1.001,1.01,257.0,780.2,0.0,353.3,62.2,0,0,11.88,18.70,11.81
62,NYOS1902,2.4,2/7/19 16:42,73,-71.9375,40.16366667,40.997,40.678,7.6707,33.2152,8.115,0.391,1.34E-13,1026.1077,7.6668,25.9204,9.4646,288.302,9.61346,292.83457,98.452,,2231.6,2112.5,7.947,495.739,497.71,1993.8,95.0,23.8,46.9,1.0,0,0,15.22,2.27,1.43
63,NYOS1902,2.4,2/7/19 16:42,73,-71.9375,40.16366667,55.019,54.589,7.7288,33.2444,8.104,0.4942,1.07E-13,1026.1865,7.7235,25.9352,9.2346,281.291,9.59898,292.38913,96.204,,2233.2,2079.0,8.039,390.760,392.32,1945.3,115.0,18.7,56.7,1.2,0,0,13.71,2.74,1.73
64,NYOS1902,2.4,2/7/19 16:42,73,-71.9375,40.16366667,68.769,68.23,7.8151,33.2636,8.1,0.789,1.30E-13,1026.252,7.8084,25.9381,9.1922,279.999,9.57903,291.78059,95.962,,2234.4,2085.1,8.024,405.509,407.12,1953.5,112.2,19.3,55.3,1.2,0,0,13.91,2.67,1.69
65,NYOS1902,3.1,2/10/19 16:07,26.5,-72.49983333,40.75983333,2.97,2.947,4.0637,31.3698,8.316,0.3636,5.03E-14,1024.9073,4.0635,24.8934,10.5483,321.632,10.59397,323.02492,99.569,,2125.0,2005.7,8.039,373.608,375.17,1893.4,91.8,20.6,47.3,0.8,0,0,15.15,2.23,1.40
66,NYOS1902,3.1,2/10/19 16:07,26.5,-72.49983333,40.75983333,10.321,10.241,4.045,31.3717,8.323,0.5727,5.02E-14,1024.945,4.0444,24.8968,10.5287,321.035,10.59866,323.1669,99.34,,2133.1,1994.6,8.094,326.042,327.41,1873.8,102.9,18.0,52.7,0.9,0,0,14.26,2.50,1.56
67,NYOS1902,3.1,2/10/19 16:07,26.5,-72.49983333,40.75983333,23.161,22.98,4.7336,32.049,8.305,0.4274,5.01E-14,1025.4729,4.732,25.3651,10.0785,307.165,10.37604,316.23456,97.132,,2160.6,2019.5,8.077,343.123,344.54,1896.1,105.0,18.4,53.6,1.0,0,0,14.17,2.53,1.59
68,NYOS1902,4.1,2/10/19 19:05,25.5,-72.811,40.67966667,2.304,2.286,3.6561,31.5342,8.34,0.3492,8.30E-14,1025.073,3.656,25.0623,10.6824,325.668,10.68821,325.8449,99.946,,2143.5,2006.2,8.094,327.227,328.60,1885.8,102.2,18.3,52.5,0.9,0,0,14.35,2.48,1.55
69,NYOS1902,4.1,2/10/19 19:05,25.5,-72.811,40.67966667,10.147,10.068,3.5997,31.5496,8.334,0.6866,6.16E-14,1025.1272,3.5991,25.0797,10.6666,325.179,10.70194,326.25779,99.669,,2145.0,2009.7,8.088,331.465,332.86,1890.1,101.1,18.6,52.0,0.9,0,0,14.45,2.45,1.53
70,NYOS1902,4.1,2/10/19 19:05,25.5,-72.811,40.67966667,23.282,23.101,3.7419,31.8003,8.325,0.5076,6.29E-14,1025.3751,3.7405,25.2661,10.3448,315.314,10.64656,324.51064,97.166,,2156.8,2020.1,8.085,335.498,336.91,1899.4,102.0,18.7,52.4,0.9,0,0,14.41,2.47,1.55
71,NYOS1902,4.2,2/10/19 20:57,42.5,-72.73383333,40.46433333,2.519,2.5,5.1441,32.4795,8.296,0.54,1.17E-13,1025.6731,5.1439,25.6615,10.1677,309.796,10.24506,312.15234,99.245,,2184.1,2042.4,8.065,358.627,360.10,1917.7,105.9,18.9,53.7,1.0,0,0,14.19,2.56,1.61
72,NYOS1902,4.2,2/10/19 20:57,42.5,-72.73383333,40.46433333,6.131,6.084,5.1485,32.481,8.298,0.6232,1.03E-13,1025.6905,5.1481,25.6621,10.1431,309.046,10.24387,312.11589,99.016,,2174.5,2046.0,8.029,390.727,392.34,1927.2,98.2,20.6,50.1,0.9,0,0,14.75,2.37,1.49
73,NYOS1902,4.2,2/10/19 20:57,42.5,-72.73383333,40.46433333,13.648,13.542,5.1516,32.4827,8.299,0.5747,1.34E-13,1025.7265,5.1506,25.6632,10.103,307.823,10.243,312.08902,98.633,,2185.0,2047.7,8.052,369.919,371.44,1924.8,103.4,19.5,52.5,0.9,0,0,14.38,2.49,1.57
74,NYOS1902,4.2,2/10/19 20:57,42.5,-72.73383333,40.46433333,22.036,21.865,5.1519,32.4923,8.293,0.4807,1.03E-13,1025.773,5.1503,25.6708,9.9951,304.532,10.24226,312.06427,97.586,,2185.6,2045.9,8.058,364.232,365.73,1922.1,104.7,19.2,53.2,1.0,0,0,14.28,2.52,1.59
75,NYOS1902,4.2,2/10/19 20:57,42.5,-72.73383333,40.46433333,30.61,30.372,5.1731,32.4993,8.274,0.3758,8.62E-14,1025.816,5.1708,25.6741,9.949,303.129,10.23663,311.89161,97.19,,2183.2,2046.6,8.049,371.879,373.41,1924.2,102.9,19.6,52.3,0.9,0,0,14.41,2.47,1.55
76,NYOS1902,4.2,2/10/19 20:57,42.5,-72.73383333,40.46433333,38.618,38.317,5.2228,32.5111,8.265,0.3708,1.27E-13,1025.8569,5.2199,25.6779,9.9407,302.874,10.22372,311.49716,97.232,,2183.3,2043.6,8.056,364.706,366.21,1919.8,104.7,19.1,53.2,1.0,0,0,14.27,2.51,1.58
77,NYOS1902,4.3,2/11/19 2:55,56,-72.59966667,40.10183333,2.504,2.485,6.9411,33.1801,8.329,0.3031,5.06E-11,1026.0048,6.9408,25.9933,9.6577,294.161,9.7774,297.80693,98.776,,2229.4,2056.8,8.100,333.840,335.18,1914.8,125.6,16.4,62.1,1.3,0,0,13.01,3.02,1.91
78,NYOS1902,4.3,2/11/19 2:55,56,-72.59966667,40.10183333,9.091,9.021,6.9532,33.1801,8.329,0.3083,1.63E+04,1026.0334,6.9524,25.9917,9.6514,293.97,9.77466,297.72408,98.739,,2229.4,2058.5,8.096,337.660,339.02,1917.4,124.6,16.6,61.6,1.3,0,0,13.07,3.00,1.89
79,NYOS1902,4.3,2/11/19 2:55,56,-72.59966667,40.10183333,20.233,20.077,6.9436,33.1783,8.324,0.3048,5.06E-11,1026.0846,6.9418,25.9918,9.6538,294.042,9.77694,297.7935,98.74,,2227.7,2059.2,8.090,342.073,343.45,1919.2,123.1,16.8,61.0,1.3,0,0,13.16,2.95,1.86
80,NYOS1902,4.3,2/11/19 2:55,56,-72.59966667,40.10183333,30.164,29.931,7.0088,33.1902,8.398,0.336,1.84E+04,1026.1308,7.0061,25.9924,9.6179,292.95,9.76152,297.32363,98.529,,2232.3,2058.7,8.100,333.476,334.82,1916.1,126.2,16.4,62.4,1.3,0,0,12.98,3.02,1.91
81,NYOS1902,4.3,2/11/19 2:55,56,-72.59966667,40.10183333,30.164,29.931,7.0088,33.1902,8.398,0.336,1.84E+04,1026.1308,7.0061,25.9924,9.6179,292.95,9.76152,297.32363,98.529,,2230.8,2057.6,8.099,333.851,335.19,1915.3,126.0,16.4,62.3,1.3,0,0,12.99,3.02,1.90
82,NYOS1902,4.3,2/11/19 2:55,56,-72.59966667,40.10183333,42.784,42.452,7.2635,33.2557,8.291,0.2978,5.06E-11,1026.2053,7.2596,26.0094,9.5669,291.39,9.70051,295.46045,98.622,,2234.6,2060.9,8.095,338.074,339.43,1918.1,126.4,16.4,62.4,1.3,0,0,12.97,3.02,1.91
83,NYOS1902,4.3,2/11/19 2:55,56,-72.59966667,40.10183333,53.146,52.731,7.3016,33.2669,8.286,0.3138,5.06E-11,1026.2563,7.2967,26.013,9.546,290.754,9.69137,295.18091,98.5,,2236.1,2061.4,8.096,337.033,338.38,1918.0,127.0,16.4,62.7,1.3,0,0,12.94,3.03,1.91
84,NYOS1902,4.5,2/11/19 6:44,82,-72.4645,39.73533333,1.841,1.827,7.8757,33.4954,8.42,0.3987,1.43E+04,1026.1188,7.8755,26.1104,9.4375,287.423,9.55144,290.89141,98.808,,2248.0,2074.1,8.082,353.010,354.41,1930.2,127.1,16.8,62.2,1.4,0,0,12.98,3.05,1.93
85,NYOS1902,4.5,2/11/19 6:44,82,-72.4645,39.73533333,14.233,14.124,7.8937,33.4996,8.406,0.3267,6.12E+03,1026.1763,7.8923,26.1113,9.4602,288.113,9.54728,290.76442,99.088,,2247.3,2076.7,8.074,360.549,361.98,1934.5,125.1,17.1,61.3,1.3,0,0,13.10,3.00,1.90
86,NYOS1902,4.5,2/11/19 6:44,82,-72.4645,39.73533333,30.485,30.25,7.9176,33.5051,8.377,0.3302,2.04E+03,1026.2514,7.9146,26.1123,9.4348,287.338,9.5418,290.59716,98.878,,2249.6,2077.4,8.076,357.835,359.26,1934.3,126.1,17.0,61.7,1.4,0,0,13.05,3.01,1.91
87,NYOS1902,4.5,2/11/19 6:44,82,-72.4645,39.73533333,46.55,46.189,8.0256,33.5269,8.37,0.3287,5.06E-11,1026.3261,8.0211,26.1139,9.4024,286.351,9.5172,289.84773,98.793,,2250.3,2073.8,8.084,350.451,351.84,1928.6,128.6,16.6,62.9,1.4,0,0,12.90,3.07,1.94
88,NYOS1902,4.5,2/11/19 6:44,82,-72.4645,39.73533333,62.779,62.29,8.6616,33.7089,8.346,0.2412,5.06E-11,1026.4462,8.6551,26.1611,9.1069,277.338,9.37144,285.39541,97.177,,2260.8,2087.9,8.061,373.011,374.48,1943.7,127.0,17.2,61.8,1.4,0,0,13.03,3.01,1.91
89,NYOS1902,4.5,2/11/19 6:44,82,-72.4645,39.73533333,79.326,78.705,11.1813,34.7613,8.31,0.3696,8.16E+03,1026.9137,11.1715,26.5584,6.7412,205.215,8.81201,268.25469,76.5,,2296.2,2136.3,7.973,475.951,477.76,1995.5,120.7,20.1,57.8,1.5,0,0,13.50,2.84,1.81
90,NYOS1902,4.6,2/11/19 9:11,138.9,-72.3735,39.48916667,1.9,1.885,8.5027,33.7549,8.436,0.3504,2.04E+03,1026.2292,8.5025,26.2205,9.2742,282.418,9.40192,286.30714,98.642,,2253.3,2087.8,8.048,386.868,388.39,1947.5,122.4,18.0,59.7,1.4,0,0,13.28,2.94,1.86
91,NYOS1902,4.6,2/11/19 9:11,138.9,-72.3735,39.48916667,25.034,24.841,8.793,33.8354,8.339,0.3952,2.04E+03,1026.3528,8.7904,26.2392,9.2208,280.787,9.33643,284.30761,98.762,,2257.5,2088.3,8.050,384.537,386.05,1945.9,124.7,17.7,60.8,1.4,0,0,13.15,2.98,1.89
92,NYOS1902,4.6,2/11/19 9:11,138.9,-72.3735,39.48916667,52.255,51.85,8.9234,33.8761,8.333,0.4339,5.06E-11,1026.488,8.9179,26.251,9.1816,279.59,9.30702,283.40854,98.653,,2266.9,2091.8,8.060,375.702,377.17,1946.1,128.5,17.2,62.3,1.5,0,0,12.96,3.05,1.93
93,NYOS1902,4.6,2/11/19 9:11,138.9,-72.3735,39.48916667,52.255,51.85,8.9234,33.8761,8.333,0.4339,5.06E-11,1026.488,8.9179,26.251,9.1816,279.59,9.30702,283.40854,98.653,,2266.6,2088.7,8.066,369.127,370.57,1941.6,130.1,16.9,63.2,1.5,0,0,12.86,3.09,1.96
94,NYOS1902,4.6,2/11/19 9:11,138.9,-72.3735,39.48916667,79.889,79.265,10.0475,34.2136,8.404,0.1518,5.06E-11,1026.6913,10.0384,26.3313,8.4176,256.304,9.0607,275.88636,92.902,,2285.4,2104.0,8.049,388.199,389.70,1953.9,133.0,17.1,63.9,1.6,0,0,12.76,3.14,1.99
95,NYOS1902,4.6,2/11/19 9:11,138.9,-72.3735,39.48916667,107.099,106.256,11.8724,34.8342,8.389,0.0913,5.06E-11,1026.9651,11.8586,26.4872,7.1352,217.225,8.68039,264.26625,82.199,,2310.0,2138.3,7.987,460.731,462.47,1990.9,128.3,19.0,60.8,1.7,0,0,13.09,3.00,1.92
96,NYOS1902,4.6,2/11/19 9:11,138.9,-72.3735,39.48916667,134.408,133.341,12.4852,35.1788,8.364,0.2069,6.12E+03,1027.235,12.4672,26.6374,6.2312,189.676,8.55159,260.30687,72.866,,2324.6,2154.1,7.968,485.392,487.21,2006.4,128.0,19.6,60.4,1.7,0,0,13.14,2.98,1.90
97,NYOS1902,4.7,2/11/19 11:39,495,-72.28083333,39.24366667,2.674,2.654,8.5306,33.8279,8.497,0.5804,3.38E-12,1026.2857,8.5303,26.2735,9.352,284.773,9.39162,285.97847,99.578,,2253.6,2087.3,8.049,386.140,387.66,1946.6,122.8,17.9,60.0,1.4,0,0,13.25,2.95,1.87
98,NYOS1902,4.7,2/11/19 11:39,495,-72.28083333,39.24366667,77.803,77.198,11.3291,34.657,8.113,0.0616,4.23E-12,1026.7984,11.3194,26.4501,7.6901,234.128,8.79024,267.62035,87.485,,2290.2,2129.0,7.975,471.974,473.77,1987.8,121.4,19.9,58.1,1.6,0,0,13.43,2.86,1.82
99,NYOS1902,4.7,2/11/19 11:39,495,-72.28083333,39.24366667,202.001,200.369,12.7988,35.6249,9.649,-0.0266,5.06E-12,1027.8188,12.7712,26.9233,4.8633,147.996,8.4726,257.83066,57.4,,2340.4,2192.3,7.900,578.009,580.16,2054.1,115.1,23.1,54.5,1.6,0,0,13.97,2.64,1.69
100,NYOS1902,4.7,2/11/19 11:39,495,-72.28083333,39.24366667,302.651,300.133,10.0253,35.3049,8.948,0.0112,6.33E-12,1028.5502,9.9898,27.1919,4.4065,134.059,9.00187,273.86535,48.951,,2324.5,2214.5,7.843,650.941,653.46,2093.6,92.3,28.5,45.2,1.0,0,0,15.61,2.08,1.33
101,NYOS1902,4.7,2/11/19 11:39,495,-72.28083333,39.24366667,404.123,400.663,7.9363,35.1418,8.567,-0.0398,7.55E-12,1029.2321,7.895,27.4011,5.1232,155.831,9.43643,287.02784,54.291,,2318.0,2212.4,7.861,608.820,611.24,2095.0,88.8,28.6,44.6,0.9,0,0,15.91,1.96,1.25
102,NYOS1902,4.7,2/11/19 11:39,495,-72.28083333,39.24366667,489.735,485.442,6.9332,35.0977,8.516,-0.0271,1.01E-11,1029.7401,6.8865,27.5116,5.8586,178.181,9.65651,293.69034,60.67,,2315.8,2211.1,7.871,584.472,586.82,2094.9,87.7,28.4,44.6,0.8,0,0,16.00,1.90,1.21
103,NYOS1902,6.5,2/11/19 19:37,59,-73.02783333,39.381,1.591,1.579,7.6129,33.3736,-2.96,0.6392,3.23E-13,1026.0598,7.6128,26.0525,9.7186,296,9.61613,292.87794,101.066,,2239.4,2059.7,8.103,333.239,334.57,1913.4,130.3,16.0,64.0,1.4,0,0,12.76,3.13,1.98
104,NYOS1902,6.5,2/11/19 19:37,59,-73.02783333,39.381,7.368,7.312,7.6164,33.3745,1.461,0.6684,3.31E-13,1026.0866,7.6157,26.0529,9.7231,296.136,9.61531,292.85294,101.121,,2239.5,2056.8,8.109,327.216,328.52,1909.0,132.1,15.7,64.8,1.4,0,0,12.66,3.17,2.01
105,NYOS1902,6.5,2/11/19 19:37,59,-73.02783333,39.381,20.275,20.12,7.9104,33.4452,-2.913,0.4904,3.13E-13,1026.1587,7.9084,26.0662,9.518,289.885,9.54707,290.77085,99.695,,2245.9,2047.3,8.139,303.168,304.37,1890.9,142.1,14.4,69.4,1.6,0,0,12.14,3.40,2.15
106,NYOS1902,6.5,2/11/19 19:37,59,-73.02783333,39.381,31.081,30.842,8.0454,33.4747,5.151,0.3479,3.15E-13,1026.2115,8.0424,26.0698,9.4269,287.109,9.51619,289.82937,99.062,,2242.8,2046.9,8.130,309.325,310.55,1892.0,140.3,14.6,68.6,1.6,0,0,12.21,3.35,2.12
107,NYOS1902,6.5,2/11/19 19:37,59,-73.02783333,39.381,42.324,41.998,8.1089,33.4977,16.52,0.406,3.23E-13,1026.2715,8.1047,26.0786,9.3153,283.71,9.50118,289.36982,98.044,,2247.5,2055.3,8.120,318.383,319.64,1902.1,138.2,15.0,67.5,1.5,0,0,12.34,3.30,2.09
108,NYOS1902,6.5,2/11/19 19:37,59,-73.02783333,39.381,54.703,54.28,8.1098,33.4978,16.52,0.3312,3.38E-13,1026.3279,8.1044,26.0787,9.3021,283.307,9.50098,289.36363,97.907,,2250.8,2052.1,8.133,306.953,308.17,1895.3,142.3,14.5,69.4,1.6,0,0,12.14,3.39,2.14
109,NYOS1902,6.4,2/11/19 23:20,41.5,-73.13816667,39.67433333,1.688,1.675,5.6668,32.6633,4.511,0.643,5.06E-11,1025.7544,5.6667,25.7466,10.2163,311.251,10.1065,307.90494,101.087,,2205.0,2030.9,8.134,302.213,303.45,1889.7,125.6,15.6,62.8,1.2,0,0,12.93,3.03,1.91
110,NYOS1902,6.4,2/11/19 23:20,41.5,-73.13816667,39.67433333,6.601,6.551,5.6679,32.6636,-1.736,0.5926,5.06E-11,1025.7773,5.6673,25.7468,10.2068,310.959,10.10623,307.89673,100.995,,2206.2,2043.3,8.106,325.123,326.45,1907.5,119.0,16.8,59.6,1.1,0,0,13.36,2.87,1.81
111,NYOS1902,6.4,2/11/19 23:20,41.5,-73.13816667,39.67433333,14.103,13.995,5.7138,32.6725,1.319,0.6006,5.06E-11,1025.8136,5.7127,25.7484,10.1676,309.767,10.0947,307.54505,100.722,,2207.7,2040.0,8.117,316.232,317.53,1901.8,121.9,16.3,60.9,1.2,0,0,13.18,2.94,1.85
112,NYOS1902,6.4,2/11/19 23:20,41.5,-73.13816667,39.67433333,23.035,22.858,5.7696,32.6861,1.988,0.5824,5.06E-11,1025.8591,5.7677,25.7527,10.1235,308.421,10.08053,307.112,100.426,,2208.7,2042.4,8.112,320.112,321.42,1904.8,121.1,16.5,60.5,1.2,0,0,13.23,2.91,1.83
113,NYOS1902,6.4,2/11/19 23:20,41.5,-73.13816667,39.67433333,30.418,30.183,5.8667,32.7241,-2.623,0.4999,6.12E+03,1025.9115,5.8643,25.771,10.0061,304.838,10.05498,306.3281,99.514,,2208.3,2042.7,8.108,323.393,324.71,1905.6,120.6,16.6,60.3,1.2,0,0,13.25,2.90,1.82
114,NYOS1902,6.4,2/11/19 23:20,41.5,-73.13816667,39.67433333,38.507,38.21,5.9031,32.7689,-3.086,0.471,5.06E-11,1025.9799,5.9,25.8021,10.0246,305.395,10.04342,305.96664,99.813,,2210.0,2047.9,8.098,331.920,333.27,1912.3,118.6,17.0,59.4,1.1,0,0,13.39,2.84,1.79
115,NYOS1902,6.4,2/11/19 23:20,41.5,-73.13816667,39.67433333,38.507,38.21,5.9031,32.7689,-3.086,0.471,5.06E-11,1025.9799,5.9,25.8021,10.0246,305.395,10.04342,305.96664,99.813,,2212.1,,,,,,,,,,,,,,
116,NYOS1902,6.3,2/12/19 3:23,66.4,-73.25016667,39.966,2.2,2.183,5.5857,32.6238,-3.098,0.4302,5.06E-11,1025.7352,5.5856,25.725,10.0402,305.892,10.12851,308.58217,99.128,,2201.1,2047.2,8.086,342.210,343.61,1916.0,113.5,17.7,57.0,1.1,0,0,13.71,2.74,1.72
117,NYOS1902,6.3,2/12/19 3:23,66.4,-73.25016667,39.966,11.148,11.063,5.5928,32.6236,-3.097,0.4506,1.22E+04,1025.7757,5.592,25.7241,10.0302,305.586,10.12683,308.53115,99.045,,2203.0,2050.9,8.081,346.858,348.28,1920.4,112.5,18.0,56.5,1.1,0,0,13.79,2.71,1.71
118,NYOS1902,6.3,2/12/19 3:23,66.4,-73.25016667,39.966,23.875,23.691,6.3885,32.925,-3.069,0.4202,5.06E-11,1025.9747,6.3865,25.8648,9.8326,299.525,9.91987,302.18438,99.12,,2217.6,2063.8,8.066,362.196,363.66,1931.6,114.0,18.2,56.8,1.1,0,0,13.73,2.74,1.73
119,NYOS1902,6.3,2/12/19 3:23,66.4,-73.25016667,39.966,36.962,36.675,6.9449,33.1082,-3.049,0.2007,5.06E-11,1026.1062,6.9416,25.9366,9.4588,288.12,9.78117,297.93838,96.705,,2227.4,2070.5,8.062,367.811,369.29,1936.1,116.3,18.1,57.6,1.2,0,0,13.61,2.78,1.76
120,NYOS1902,6.3,2/12/19 3:23,66.4,-73.25016667,39.966,50.173,49.783,6.9444,33.116,-3.049,0.2624,5.06E-11,1026.1731,6.9399,25.9429,9.5132,289.774,9.78077,297.92423,97.265,,2228.8,2071.3,8.062,366.717,368.19,1936.6,116.6,18.0,57.8,1.2,0,0,13.59,2.78,1.76
121,NYOS1902,6.3,2/12/19 3:23,66.4,-73.25016667,39.966,64.271,63.769,6.9554,33.1197,-3.048,0.2124,5.06E-11,1026.2393,6.9496,25.9445,9.4939,289.186,9.77806,297.84116,97.094,,2229.3,2103.6,7.977,456.278,458.11,1982.9,98.3,22.4,48.9,1.0,0,0,14.95,2.34,1.48
122,NYOS1902,6.2,2/12/19 6:40,36.6,-73.351,40.16333333,2.398,2.379,4.5621,31.6404,-3.135,0.3509,5.06E-11,1025.07,4.5619,25.0588,10.5095,320.398,10.44763,318.51138,100.592,,2177.7,2030.3,8.101,326.798,328.15,1903.4,109.3,17.7,54.8,1.0,0,0,13.99,2.65,1.66
123,NYOS1902,6.2,2/12/19 6:40,36.6,-73.351,40.16333333,2.398,2.379,4.5621,31.6404,-3.135,0.3509,5.06E-11,1025.07,4.5619,25.0588,10.5095,320.398,10.44763,318.51138,100.592,,2176.7,2030.2,8.099,328.713,330.08,1903.8,108.7,17.8,54.6,1.0,0,0,14.03,2.64,1.65
124,NYOS1902,6.2,2/12/19 6:40,36.6,-73.351,40.16333333,5.412,5.371,4.5603,31.6419,-3.135,0.4002,5.06E-11,1025.0854,4.56,25.0602,10.488,319.743,10.44796,318.52121,100.384,,2176.7,2030.0,8.099,328.165,329.53,1903.4,108.8,17.7,54.7,1.0,0,0,14.02,2.64,1.66
125,NYOS1902,6.2,2/12/19 6:40,36.6,-73.351,40.16333333,12.727,12.628,4.6142,31.7227,-3.133,0.3848,5.06E-11,1025.1781,4.6133,25.1188,10.4756,319.346,10.42873,317.91677,100.45,,2178.7,2028.6,8.106,322.672,324.01,1900.5,110.8,17.4,55.7,1.0,0,0,13.88,2.68,1.68
126,NYOS1902,6.2,2/12/19 6:40,36.6,-73.351,40.16333333,19.664,19.512,4.9837,31.9277,-3.119,0.3701,5.06E-11,1025.3335,4.9823,25.2421,10.1669,309.896,10.3224,314.63747,98.493,,2183.7,2041.8,8.074,350.203,351.65,1917.0,106.2,18.6,53.4,1.0,0,0,14.22,2.57,1.61
127,NYOS1902,6.2,2/12/19 6:40,36.6,-73.351,40.16333333,25.946,25.745,5.1669,32.0166,-3.113,0.2584,5.06E-11,1025.4129,5.165,25.2925,9.959,303.546,10.27123,313.06229,96.96,,2189.6,2055.3,8.049,375.041,376.59,1933.6,102.0,19.8,51.2,0.9,0,0,14.57,2.46,1.54
128,NYOS1902,6.2,2/12/19 6:40,36.6,-73.351,40.16333333,33.911,33.648,6.287,32.7359,-2.676,0.6103,5.06E-11,1025.8848,6.2842,25.7286,9.259,282.09,9.95579,303.3187,93.001,,2207.1,2069.1,8.030,396.134,397.74,1944.5,104.7,20.0,52.4,1.0,0,0,14.38,2.51,1.58